-- noinspection SqlNoDataSourceInspectionForFile

// Currencies
INSERT INTO currency (id, currency, alphabetic_code, numeric_code, minor_unit, withdrawal_date, remark) VALUES ('44616e697368204b726f6e65', 'Danish Krone', 'DKK', '208', 2, NULL, NULL);
INSERT INTO currency (id, currency, alphabetic_code, numeric_code, minor_unit, withdrawal_date, remark) VALUES ('41666768616e69', 'Afghani', 'AFN', '971', 2, NULL, NULL);
INSERT INTO currency (id, currency, alphabetic_code, numeric_code, minor_unit, withdrawal_date, remark) VALUES ('4575726f', 'Euro', 'EUR', '978', 2, NULL, NULL);
INSERT INTO currency (id, currency, alphabetic_code, numeric_code, minor_unit, withdrawal_date, remark) VALUES ('4c656b', 'Lek', 'ALL', '8', 2, NULL, NULL);
INSERT INTO currency (id, currency, alphabetic_code, numeric_code, minor_unit, withdrawal_date, remark) VALUES ('416c67657269616e2044696e6172', 'Algerian Dinar', 'DZD', '12', 2, NULL, NULL);
INSERT INTO currency (id, currency, alphabetic_code, numeric_code, minor_unit, withdrawal_date, remark) VALUES ('555320446f6c6c6172', 'US Dollar', 'USD', '840', 2, NULL, NULL);
INSERT INTO currency (id, currency, alphabetic_code, numeric_code, minor_unit, withdrawal_date, remark) VALUES ('4b77616e7a61', 'Kwanza', 'AOA', '973', 2, NULL, NULL);
INSERT INTO currency (id, currency, alphabetic_code, numeric_code, minor_unit, withdrawal_date, remark) VALUES ('456173742043617269626265616e20446f6c6c6172', 'East Caribbean Dollar', 'XCD', '951', 2, NULL, NULL);
INSERT INTO currency (id, currency, alphabetic_code, numeric_code, minor_unit, withdrawal_date, remark) VALUES ('417267656e74696e65205065736f', 'Argentine Peso', 'ARS', '32', 2, NULL, NULL);
INSERT INTO currency (id, currency, alphabetic_code, numeric_code, minor_unit, withdrawal_date, remark) VALUES ('41726d656e69616e204472616d', 'Armenian Dram', 'AMD', '51', 2, NULL, NULL);
INSERT INTO currency (id, currency, alphabetic_code, numeric_code, minor_unit, withdrawal_date, remark) VALUES ('41727562616e20466c6f72696e', 'Aruban Florin', 'AWG', '533', 2, NULL, NULL);
INSERT INTO currency (id, currency, alphabetic_code, numeric_code, minor_unit, withdrawal_date, remark) VALUES ('4175737472616c69616e20446f6c6c6172', 'Australian Dollar', 'AUD', '36', 2, NULL, NULL);
INSERT INTO currency (id, currency, alphabetic_code, numeric_code, minor_unit, withdrawal_date, remark) VALUES ('417a65726261696a616e69616e204d616e6174', 'Azerbaijanian Manat', 'AZN', '944', 2, NULL, NULL);
INSERT INTO currency (id, currency, alphabetic_code, numeric_code, minor_unit, withdrawal_date, remark) VALUES ('426168616d69616e20446f6c6c6172', 'Bahamian Dollar', 'BSD', '44', 2, NULL, NULL);
INSERT INTO currency (id, currency, alphabetic_code, numeric_code, minor_unit, withdrawal_date, remark) VALUES ('4261687261696e692044696e6172', 'Bahraini Dinar', 'BHD', '48', 3, NULL, NULL);
INSERT INTO currency (id, currency, alphabetic_code, numeric_code, minor_unit, withdrawal_date, remark) VALUES ('54616b61', 'Taka', 'BDT', '50', 2, NULL, NULL);
INSERT INTO currency (id, currency, alphabetic_code, numeric_code, minor_unit, withdrawal_date, remark) VALUES ('4261726261646f7320446f6c6c6172', 'Barbados Dollar', 'BBD', '52', 2, NULL, NULL);
INSERT INTO currency (id, currency, alphabetic_code, numeric_code, minor_unit, withdrawal_date, remark) VALUES ('42656c617275737369616e205275626c65', 'Belarussian Ruble', 'BYR', '974', 0, NULL, NULL);
INSERT INTO currency (id, currency, alphabetic_code, numeric_code, minor_unit, withdrawal_date, remark) VALUES ('42656c697a6520446f6c6c6172', 'Belize Dollar', 'BZD', '84', 2, NULL, NULL);
INSERT INTO currency (id, currency, alphabetic_code, numeric_code, minor_unit, withdrawal_date, remark) VALUES ('434641204672616e6320424345414f', 'CFA Franc BCEAO', 'XOF', '952', 0, NULL, NULL);
INSERT INTO currency (id, currency, alphabetic_code, numeric_code, minor_unit, withdrawal_date, remark) VALUES ('4265726d756469616e20446f6c6c6172', 'Bermudian Dollar', 'BMD', '60', 2, NULL, NULL);
INSERT INTO currency (id, currency, alphabetic_code, numeric_code, minor_unit, withdrawal_date, remark) VALUES ('4e67756c7472756d', 'Ngultrum', 'BTN', '64', 2, NULL, NULL);
INSERT INTO currency (id, currency, alphabetic_code, numeric_code, minor_unit, withdrawal_date, remark) VALUES ('496e6469616e205275706565', 'Indian Rupee', 'INR', '356', 2, NULL, NULL);
INSERT INTO currency (id, currency, alphabetic_code, numeric_code, minor_unit, withdrawal_date, remark) VALUES ('426f6c697669616e6f', 'Boliviano', 'BOB', '68', 2, NULL, NULL);
INSERT INTO currency (id, currency, alphabetic_code, numeric_code, minor_unit, withdrawal_date, remark) VALUES ('4d76646f6c', 'Mvdol', 'BOV', '984', 2, NULL, NULL);
INSERT INTO currency (id, currency, alphabetic_code, numeric_code, minor_unit, withdrawal_date, remark) VALUES ('436f6e7665727469626c65204d61726b', 'Convertible Mark', 'BAM', '977', 2, NULL, NULL);
INSERT INTO currency (id, currency, alphabetic_code, numeric_code, minor_unit, withdrawal_date, remark) VALUES ('50756c61', 'Pula', 'BWP', '72', 2, NULL, NULL);
INSERT INTO currency (id, currency, alphabetic_code, numeric_code, minor_unit, withdrawal_date, remark) VALUES ('4e6f7277656769616e204b726f6e65', 'Norwegian Krone', 'NOK', '578', 2, NULL, NULL);
INSERT INTO currency (id, currency, alphabetic_code, numeric_code, minor_unit, withdrawal_date, remark) VALUES ('4272617a696c69616e205265616c', 'Brazilian Real', 'BRL', '986', 2, NULL, NULL);
INSERT INTO currency (id, currency, alphabetic_code, numeric_code, minor_unit, withdrawal_date, remark) VALUES ('4272756e656920446f6c6c6172', 'Brunei Dollar', 'BND', '96', 2, NULL, NULL);
INSERT INTO currency (id, currency, alphabetic_code, numeric_code, minor_unit, withdrawal_date, remark) VALUES ('42756c67617269616e204c6576', 'Bulgarian Lev', 'BGN', '975', 2, NULL, NULL);
INSERT INTO currency (id, currency, alphabetic_code, numeric_code, minor_unit, withdrawal_date, remark) VALUES ('427572756e6469204672616e63', 'Burundi Franc', 'BIF', '108', 0, NULL, NULL);
INSERT INTO currency (id, currency, alphabetic_code, numeric_code, minor_unit, withdrawal_date, remark) VALUES ('5269656c', 'Riel', 'KHR', '116', 2, NULL, NULL);
INSERT INTO currency (id, currency, alphabetic_code, numeric_code, minor_unit, withdrawal_date, remark) VALUES ('434641204672616e632042454143', 'CFA Franc BEAC', 'XAF', '950', 0, NULL, NULL);
INSERT INTO currency (id, currency, alphabetic_code, numeric_code, minor_unit, withdrawal_date, remark) VALUES ('43616e616469616e20446f6c6c6172', 'Canadian Dollar', 'CAD', '124', 2, NULL, NULL);
INSERT INTO currency (id, currency, alphabetic_code, numeric_code, minor_unit, withdrawal_date, remark) VALUES ('436170652056657264652045736375646f', 'Cape Verde Escudo', 'CVE', '132', 2, NULL, NULL);
INSERT INTO currency (id, currency, alphabetic_code, numeric_code, minor_unit, withdrawal_date, remark) VALUES ('4361796d616e2049736c616e647320446f6c6c6172', 'Cayman Islands Dollar', 'KYD', '136', 2, NULL, NULL);
INSERT INTO currency (id, currency, alphabetic_code, numeric_code, minor_unit, withdrawal_date, remark) VALUES ('556e69646164657320646520666f6d656e746f', 'Unidades de fomento', 'CLF', '990', 0, NULL, NULL);
INSERT INTO currency (id, currency, alphabetic_code, numeric_code, minor_unit, withdrawal_date, remark) VALUES ('4368696c65616e205065736f', 'Chilean Peso', 'CLP', '152', 0, NULL, NULL);
INSERT INTO currency (id, currency, alphabetic_code, numeric_code, minor_unit, withdrawal_date, remark) VALUES ('5975616e2052656e6d696e6269', 'Yuan Renminbi', 'CNY', '156', 2, NULL, NULL);
INSERT INTO currency (id, currency, alphabetic_code, numeric_code, minor_unit, withdrawal_date, remark) VALUES ('436f6c6f6d6269616e205065736f', 'Colombian Peso', 'COP', '170', 2, NULL, NULL);
INSERT INTO currency (id, currency, alphabetic_code, numeric_code, minor_unit, withdrawal_date, remark) VALUES ('556e696461642064652056616c6f72205265616c', 'Unidad de Valor Real', 'COU', '970', 2, NULL, NULL);
INSERT INTO currency (id, currency, alphabetic_code, numeric_code, minor_unit, withdrawal_date, remark) VALUES ('436f6d6f726f204672616e63', 'Comoro Franc', 'KMF', '174', 0, NULL, NULL);
INSERT INTO currency (id, currency, alphabetic_code, numeric_code, minor_unit, withdrawal_date, remark) VALUES ('436f6e676f6c657365204672616e63', 'Congolese Franc', 'CDF', '976', 2, NULL, NULL);
INSERT INTO currency (id, currency, alphabetic_code, numeric_code, minor_unit, withdrawal_date, remark) VALUES ('4e6577205a65616c616e6420446f6c6c6172', 'New Zealand Dollar', 'NZD', '554', 2, NULL, NULL);
INSERT INTO currency (id, currency, alphabetic_code, numeric_code, minor_unit, withdrawal_date, remark) VALUES ('436f73746120526963616e20436f6c6f6e', 'Costa Rican Colon', 'CRC', '188', 2, NULL, NULL);
INSERT INTO currency (id, currency, alphabetic_code, numeric_code, minor_unit, withdrawal_date, remark) VALUES ('43726f617469616e204b756e61', 'Croatian Kuna', 'HRK', '191', 2, NULL, NULL);
INSERT INTO currency (id, currency, alphabetic_code, numeric_code, minor_unit, withdrawal_date, remark) VALUES ('5065736f20436f6e7665727469626c65', 'Peso Convertible', 'CUC', '931', 2, NULL, NULL);
INSERT INTO currency (id, currency, alphabetic_code, numeric_code, minor_unit, withdrawal_date, remark) VALUES ('437562616e205065736f', 'Cuban Peso', 'CUP', '192', 2, NULL, NULL);
INSERT INTO currency (id, currency, alphabetic_code, numeric_code, minor_unit, withdrawal_date, remark) VALUES ('4e65746865726c616e647320416e74696c6c65616e204775696c646572', 'Netherlands Antillean Guilder', 'ANG', '532', 2, NULL, NULL);
INSERT INTO currency (id, currency, alphabetic_code, numeric_code, minor_unit, withdrawal_date, remark) VALUES ('437a656368204b6f72756e61', 'Czech Koruna', 'CZK', '203', 2, NULL, NULL);
INSERT INTO currency (id, currency, alphabetic_code, numeric_code, minor_unit, withdrawal_date, remark) VALUES ('446a69626f757469204672616e63', 'Djibouti Franc', 'DJF', '262', 0, NULL, NULL);
INSERT INTO currency (id, currency, alphabetic_code, numeric_code, minor_unit, withdrawal_date, remark) VALUES ('446f6d696e6963616e205065736f', 'Dominican Peso', 'DOP', '214', 2, NULL, NULL);
INSERT INTO currency (id, currency, alphabetic_code, numeric_code, minor_unit, withdrawal_date, remark) VALUES ('456779707469616e20506f756e64', 'Egyptian Pound', 'EGP', '818', 2, NULL, NULL);
INSERT INTO currency (id, currency, alphabetic_code, numeric_code, minor_unit, withdrawal_date, remark) VALUES ('456c2053616c7661646f7220436f6c6f6e', 'El Salvador Colon', 'SVC', '222', 2, NULL, NULL);
INSERT INTO currency (id, currency, alphabetic_code, numeric_code, minor_unit, withdrawal_date, remark) VALUES ('4e616b6661', 'Nakfa', 'ERN', '232', 2, NULL, NULL);
INSERT INTO currency (id, currency, alphabetic_code, numeric_code, minor_unit, withdrawal_date, remark) VALUES ('457468696f7069616e2042697272', 'Ethiopian Birr', 'ETB', '230', 2, NULL, NULL);
INSERT INTO currency (id, currency, alphabetic_code, numeric_code, minor_unit, withdrawal_date, remark) VALUES ('46616c6b6c616e642049736c616e647320506f756e64', 'Falkland Islands Pound', 'FKP', '238', 2, NULL, NULL);
INSERT INTO currency (id, currency, alphabetic_code, numeric_code, minor_unit, withdrawal_date, remark) VALUES ('46696a6920446f6c6c6172', 'Fiji Dollar', 'FJD', '242', 2, NULL, NULL);
INSERT INTO currency (id, currency, alphabetic_code, numeric_code, minor_unit, withdrawal_date, remark) VALUES ('434650204672616e63', 'CFP Franc', 'XPF', '953', 0, NULL, NULL);
INSERT INTO currency (id, currency, alphabetic_code, numeric_code, minor_unit, withdrawal_date, remark) VALUES ('44616c617369', 'Dalasi', 'GMD', '270', 2, NULL, NULL);
INSERT INTO currency (id, currency, alphabetic_code, numeric_code, minor_unit, withdrawal_date, remark) VALUES ('4c617269', 'Lari', 'GEL', '981', 2, NULL, NULL);
INSERT INTO currency (id, currency, alphabetic_code, numeric_code, minor_unit, withdrawal_date, remark) VALUES ('4768616e612043656469', 'Ghana Cedi', 'GHS', '936', 2, NULL, NULL);
INSERT INTO currency (id, currency, alphabetic_code, numeric_code, minor_unit, withdrawal_date, remark) VALUES ('47696272616c74617220506f756e64', 'Gibraltar Pound', 'GIP', '292', 2, NULL, NULL);
INSERT INTO currency (id, currency, alphabetic_code, numeric_code, minor_unit, withdrawal_date, remark) VALUES ('517565747a616c', 'Quetzal', 'GTQ', '320', 2, NULL, NULL);
INSERT INTO currency (id, currency, alphabetic_code, numeric_code, minor_unit, withdrawal_date, remark) VALUES ('506f756e6420537465726c696e67', 'Pound Sterling', 'GBP', '826', 2, NULL, NULL);
INSERT INTO currency (id, currency, alphabetic_code, numeric_code, minor_unit, withdrawal_date, remark) VALUES ('4775696e6561204672616e63', 'Guinea Franc', 'GNF', '324', 0, NULL, NULL);
INSERT INTO currency (id, currency, alphabetic_code, numeric_code, minor_unit, withdrawal_date, remark) VALUES ('477579616e6120446f6c6c6172', 'Guyana Dollar', 'GYD', '328', 2, NULL, NULL);
INSERT INTO currency (id, currency, alphabetic_code, numeric_code, minor_unit, withdrawal_date, remark) VALUES ('476f75726465', 'Gourde', 'HTG', '332', 2, NULL, NULL);
INSERT INTO currency (id, currency, alphabetic_code, numeric_code, minor_unit, withdrawal_date, remark) VALUES ('4c656d70697261', 'Lempira', 'HNL', '340', 2, NULL, NULL);
INSERT INTO currency (id, currency, alphabetic_code, numeric_code, minor_unit, withdrawal_date, remark) VALUES ('486f6e67204b6f6e6720446f6c6c6172', 'Hong Kong Dollar', 'HKD', '344', 2, NULL, NULL);
INSERT INTO currency (id, currency, alphabetic_code, numeric_code, minor_unit, withdrawal_date, remark) VALUES ('466f72696e74', 'Forint', 'HUF', '348', 2, NULL, NULL);
INSERT INTO currency (id, currency, alphabetic_code, numeric_code, minor_unit, withdrawal_date, remark) VALUES ('4963656c616e64204b726f6e61', 'Iceland Krona', 'ISK', '352', 0, NULL, NULL);
INSERT INTO currency (id, currency, alphabetic_code, numeric_code, minor_unit, withdrawal_date, remark) VALUES ('527570696168', 'Rupiah', 'IDR', '360', 2, NULL, NULL);
INSERT INTO currency (id, currency, alphabetic_code, numeric_code, minor_unit, withdrawal_date, remark) VALUES ('53445220285370656369616c2044726177696e6720526967687429', 'SDR (Special Drawing Right)', 'XDR', '960', NULL, NULL, NULL);
INSERT INTO currency (id, currency, alphabetic_code, numeric_code, minor_unit, withdrawal_date, remark) VALUES ('4972616e69616e205269616c', 'Iranian Rial', 'IRR', '364', 2, NULL, NULL);
INSERT INTO currency (id, currency, alphabetic_code, numeric_code, minor_unit, withdrawal_date, remark) VALUES ('49726171692044696e6172', 'Iraqi Dinar', 'IQD', '368', 3, NULL, NULL);
INSERT INTO currency (id, currency, alphabetic_code, numeric_code, minor_unit, withdrawal_date, remark) VALUES ('4e65772049737261656c692053686571656c', 'New Israeli Sheqel', 'ILS', '376', 2, NULL, NULL);
INSERT INTO currency (id, currency, alphabetic_code, numeric_code, minor_unit, withdrawal_date, remark) VALUES ('4a616d616963616e20446f6c6c6172', 'Jamaican Dollar', 'JMD', '388', 2, NULL, NULL);
INSERT INTO currency (id, currency, alphabetic_code, numeric_code, minor_unit, withdrawal_date, remark) VALUES ('59656e', 'Yen', 'JPY', '392', 0, NULL, NULL);
INSERT INTO currency (id, currency, alphabetic_code, numeric_code, minor_unit, withdrawal_date, remark) VALUES ('4a6f7264616e69616e2044696e6172', 'Jordanian Dinar', 'JOD', '400', 3, NULL, NULL);
INSERT INTO currency (id, currency, alphabetic_code, numeric_code, minor_unit, withdrawal_date, remark) VALUES ('54656e6765', 'Tenge', 'KZT', '398', 2, NULL, NULL);
INSERT INTO currency (id, currency, alphabetic_code, numeric_code, minor_unit, withdrawal_date, remark) VALUES ('4b656e79616e205368696c6c696e67', 'Kenyan Shilling', 'KES', '404', 2, NULL, NULL);
INSERT INTO currency (id, currency, alphabetic_code, numeric_code, minor_unit, withdrawal_date, remark) VALUES ('4e6f727468204b6f7265616e20576f6e', 'North Korean Won', 'KPW', '408', 2, NULL, NULL);
INSERT INTO currency (id, currency, alphabetic_code, numeric_code, minor_unit, withdrawal_date, remark) VALUES ('576f6e', 'Won', 'KRW', '410', 0, NULL, NULL);
INSERT INTO currency (id, currency, alphabetic_code, numeric_code, minor_unit, withdrawal_date, remark) VALUES ('4b7577616974692044696e6172', 'Kuwaiti Dinar', 'KWD', '414', 3, NULL, NULL);
INSERT INTO currency (id, currency, alphabetic_code, numeric_code, minor_unit, withdrawal_date, remark) VALUES ('536f6d', 'Som', 'KGS', '417', 2, NULL, NULL);
INSERT INTO currency (id, currency, alphabetic_code, numeric_code, minor_unit, withdrawal_date, remark) VALUES ('4b6970', 'Kip', 'LAK', '418', 2, NULL, NULL);
INSERT INTO currency (id, currency, alphabetic_code, numeric_code, minor_unit, withdrawal_date, remark) VALUES ('4c61747669616e204c617473', 'Latvian Lats', 'LVL', '428', 2, NULL, NULL);
INSERT INTO currency (id, currency, alphabetic_code, numeric_code, minor_unit, withdrawal_date, remark) VALUES ('4c6562616e65736520506f756e64', 'Lebanese Pound', 'LBP', '422', 2, NULL, NULL);
INSERT INTO currency (id, currency, alphabetic_code, numeric_code, minor_unit, withdrawal_date, remark) VALUES ('4c6f7469', 'Loti', 'LSL', '426', 2, NULL, NULL);
INSERT INTO currency (id, currency, alphabetic_code, numeric_code, minor_unit, withdrawal_date, remark) VALUES ('52616e64', 'Rand', 'ZAR', '710', 2, NULL, NULL);
INSERT INTO currency (id, currency, alphabetic_code, numeric_code, minor_unit, withdrawal_date, remark) VALUES ('4c6962657269616e20446f6c6c6172', 'Liberian Dollar', 'LRD', '430', 2, NULL, NULL);
INSERT INTO currency (id, currency, alphabetic_code, numeric_code, minor_unit, withdrawal_date, remark) VALUES ('4c696279616e2044696e6172', 'Libyan Dinar', 'LYD', '434', 3, NULL, NULL);
INSERT INTO currency (id, currency, alphabetic_code, numeric_code, minor_unit, withdrawal_date, remark) VALUES ('5377697373204672616e63', 'Swiss Franc', 'CHF', '756', 2, NULL, NULL);
INSERT INTO currency (id, currency, alphabetic_code, numeric_code, minor_unit, withdrawal_date, remark) VALUES ('4c69746875616e69616e204c69746173', 'Lithuanian Litas', 'LTL', '440', 2, NULL, NULL);
INSERT INTO currency (id, currency, alphabetic_code, numeric_code, minor_unit, withdrawal_date, remark) VALUES ('506174616361', 'Pataca', 'MOP', '446', 2, NULL, NULL);
INSERT INTO currency (id, currency, alphabetic_code, numeric_code, minor_unit, withdrawal_date, remark) VALUES ('44656e6172', 'Denar', 'MKD', '807', 2, NULL, NULL);
INSERT INTO currency (id, currency, alphabetic_code, numeric_code, minor_unit, withdrawal_date, remark) VALUES ('4d616c616761737920417269617279', 'Malagasy Ariary', 'MGA', '969', 2, NULL, NULL);
INSERT INTO currency (id, currency, alphabetic_code, numeric_code, minor_unit, withdrawal_date, remark) VALUES ('4b7761636861', 'Kwacha', 'MWK', '454', 2, NULL, NULL);
INSERT INTO currency (id, currency, alphabetic_code, numeric_code, minor_unit, withdrawal_date, remark) VALUES ('4d616c61797369616e2052696e67676974', 'Malaysian Ringgit', 'MYR', '458', 2, NULL, NULL);
INSERT INTO currency (id, currency, alphabetic_code, numeric_code, minor_unit, withdrawal_date, remark) VALUES ('52756669796161', 'Rufiyaa', 'MVR', '462', 2, NULL, NULL);
INSERT INTO currency (id, currency, alphabetic_code, numeric_code, minor_unit, withdrawal_date, remark) VALUES ('4f756775697961', 'Ouguiya', 'MRO', '478', 2, NULL, NULL);
INSERT INTO currency (id, currency, alphabetic_code, numeric_code, minor_unit, withdrawal_date, remark) VALUES ('4d6175726974697573205275706565', 'Mauritius Rupee', 'MUR', '480', 2, NULL, NULL);
INSERT INTO currency (id, currency, alphabetic_code, numeric_code, minor_unit, withdrawal_date, remark) VALUES ('41444220556e6974206f66204163636f756e74', 'ADB Unit of Account', 'XUA', '965', NULL, NULL, NULL);
INSERT INTO currency (id, currency, alphabetic_code, numeric_code, minor_unit, withdrawal_date, remark) VALUES ('4d65786963616e205065736f', 'Mexican Peso', 'MXN', '484', 2, NULL, NULL);
INSERT INTO currency (id, currency, alphabetic_code, numeric_code, minor_unit, withdrawal_date, remark) VALUES ('4d65786963616e20556e6964616420646520496e76657273696f6e202855444929', 'Mexican Unidad de Inversion (UDI)', 'MXV', '979', 2, NULL, NULL);
INSERT INTO currency (id, currency, alphabetic_code, numeric_code, minor_unit, withdrawal_date, remark) VALUES ('4d6f6c646f76616e204c6575', 'Moldovan Leu', 'MDL', '498', 2, NULL, NULL);
INSERT INTO currency (id, currency, alphabetic_code, numeric_code, minor_unit, withdrawal_date, remark) VALUES ('54756772696b', 'Tugrik', 'MNT', '496', 2, NULL, NULL);
INSERT INTO currency (id, currency, alphabetic_code, numeric_code, minor_unit, withdrawal_date, remark) VALUES ('4d6f726f6363616e2044697268616d', 'Moroccan Dirham', 'MAD', '504', 2, NULL, NULL);
INSERT INTO currency (id, currency, alphabetic_code, numeric_code, minor_unit, withdrawal_date, remark) VALUES ('4d6f7a616d6269717565204d65746963616c', 'Mozambique Metical', 'MZN', '943', 2, NULL, NULL);
INSERT INTO currency (id, currency, alphabetic_code, numeric_code, minor_unit, withdrawal_date, remark) VALUES ('4b796174', 'Kyat', 'MMK', '104', 2, NULL, NULL);
INSERT INTO currency (id, currency, alphabetic_code, numeric_code, minor_unit, withdrawal_date, remark) VALUES ('4e616d6962696120446f6c6c6172', 'Namibia Dollar', 'NAD', '516', 2, NULL, NULL);
INSERT INTO currency (id, currency, alphabetic_code, numeric_code, minor_unit, withdrawal_date, remark) VALUES ('4e6570616c657365205275706565', 'Nepalese Rupee', 'NPR', '524', 2, NULL, NULL);
INSERT INTO currency (id, currency, alphabetic_code, numeric_code, minor_unit, withdrawal_date, remark) VALUES ('436f72646f6261204f726f', 'Cordoba Oro', 'NIO', '558', 2, NULL, NULL);
INSERT INTO currency (id, currency, alphabetic_code, numeric_code, minor_unit, withdrawal_date, remark) VALUES ('4e61697261', 'Naira', 'NGN', '566', 2, NULL, NULL);
INSERT INTO currency (id, currency, alphabetic_code, numeric_code, minor_unit, withdrawal_date, remark) VALUES ('5269616c204f6d616e69', 'Rial Omani', 'OMR', '512', 3, NULL, NULL);
INSERT INTO currency (id, currency, alphabetic_code, numeric_code, minor_unit, withdrawal_date, remark) VALUES ('50616b697374616e205275706565', 'Pakistan Rupee', 'PKR', '586', 2, NULL, NULL);
INSERT INTO currency (id, currency, alphabetic_code, numeric_code, minor_unit, withdrawal_date, remark) VALUES ('42616c626f61', 'Balboa', 'PAB', '590', 2, NULL, NULL);
INSERT INTO currency (id, currency, alphabetic_code, numeric_code, minor_unit, withdrawal_date, remark) VALUES ('4b696e61', 'Kina', 'PGK', '598', 2, NULL, NULL);
INSERT INTO currency (id, currency, alphabetic_code, numeric_code, minor_unit, withdrawal_date, remark) VALUES ('47756172616e69', 'Guarani', 'PYG', '600', 0, NULL, NULL);
INSERT INTO currency (id, currency, alphabetic_code, numeric_code, minor_unit, withdrawal_date, remark) VALUES ('4e7565766f20536f6c', 'Nuevo Sol', 'PEN', '604', 2, NULL, NULL);
INSERT INTO currency (id, currency, alphabetic_code, numeric_code, minor_unit, withdrawal_date, remark) VALUES ('5068696c697070696e65205065736f', 'Philippine Peso', 'PHP', '608', 2, NULL, NULL);
INSERT INTO currency (id, currency, alphabetic_code, numeric_code, minor_unit, withdrawal_date, remark) VALUES ('5a6c6f7479', 'Zloty', 'PLN', '985', 2, NULL, NULL);
INSERT INTO currency (id, currency, alphabetic_code, numeric_code, minor_unit, withdrawal_date, remark) VALUES ('516174617269205269616c', 'Qatari Rial', 'QAR', '634', 2, NULL, NULL);
INSERT INTO currency (id, currency, alphabetic_code, numeric_code, minor_unit, withdrawal_date, remark) VALUES ('4e657720526f6d616e69616e204c6575', 'New Romanian Leu', 'RON', '946', 2, NULL, NULL);
INSERT INTO currency (id, currency, alphabetic_code, numeric_code, minor_unit, withdrawal_date, remark) VALUES ('5275737369616e205275626c65', 'Russian Ruble', 'RUB', '643', 2, NULL, NULL);
INSERT INTO currency (id, currency, alphabetic_code, numeric_code, minor_unit, withdrawal_date, remark) VALUES ('5277616e6461204672616e63', 'Rwanda Franc', 'RWF', '646', 0, NULL, NULL);
INSERT INTO currency (id, currency, alphabetic_code, numeric_code, minor_unit, withdrawal_date, remark) VALUES ('5361696e742048656c656e6120506f756e64', 'Saint Helena Pound', 'SHP', '654', 2, NULL, NULL);
INSERT INTO currency (id, currency, alphabetic_code, numeric_code, minor_unit, withdrawal_date, remark) VALUES ('54616c61', 'Tala', 'WST', '882', 2, NULL, NULL);
INSERT INTO currency (id, currency, alphabetic_code, numeric_code, minor_unit, withdrawal_date, remark) VALUES ('446f627261', 'Dobra', 'STD', '678', 2, NULL, NULL);
INSERT INTO currency (id, currency, alphabetic_code, numeric_code, minor_unit, withdrawal_date, remark) VALUES ('536175646920526979616c', 'Saudi Riyal', 'SAR', '682', 2, NULL, NULL);
INSERT INTO currency (id, currency, alphabetic_code, numeric_code, minor_unit, withdrawal_date, remark) VALUES ('5365726269616e2044696e6172', 'Serbian Dinar', 'RSD', '941', 2, NULL, NULL);
INSERT INTO currency (id, currency, alphabetic_code, numeric_code, minor_unit, withdrawal_date, remark) VALUES ('5365796368656c6c6573205275706565', 'Seychelles Rupee', 'SCR', '690', 2, NULL, NULL);
INSERT INTO currency (id, currency, alphabetic_code, numeric_code, minor_unit, withdrawal_date, remark) VALUES ('4c656f6e65', 'Leone', 'SLL', '694', 2, NULL, NULL);
INSERT INTO currency (id, currency, alphabetic_code, numeric_code, minor_unit, withdrawal_date, remark) VALUES ('53696e6761706f726520446f6c6c6172', 'Singapore Dollar', 'SGD', '702', 2, NULL, NULL);
INSERT INTO currency (id, currency, alphabetic_code, numeric_code, minor_unit, withdrawal_date, remark) VALUES ('5375637265', 'Sucre', 'XSU', '994', NULL, NULL, NULL);
INSERT INTO currency (id, currency, alphabetic_code, numeric_code, minor_unit, withdrawal_date, remark) VALUES ('536f6c6f6d6f6e2049736c616e647320446f6c6c6172', 'Solomon Islands Dollar', 'SBD', '90', 2, NULL, NULL);
INSERT INTO currency (id, currency, alphabetic_code, numeric_code, minor_unit, withdrawal_date, remark) VALUES ('536f6d616c69205368696c6c696e67', 'Somali Shilling', 'SOS', '706', 2, NULL, NULL);
INSERT INTO currency (id, currency, alphabetic_code, numeric_code, minor_unit, withdrawal_date, remark) VALUES ('536f75746820537564616e65736520506f756e64', 'South Sudanese Pound', 'SSP', '728', 2, NULL, NULL);
INSERT INTO currency (id, currency, alphabetic_code, numeric_code, minor_unit, withdrawal_date, remark) VALUES ('537269204c616e6b61205275706565', 'Sri Lanka Rupee', 'LKR', '144', 2, NULL, NULL);
INSERT INTO currency (id, currency, alphabetic_code, numeric_code, minor_unit, withdrawal_date, remark) VALUES ('537564616e65736520506f756e64', 'Sudanese Pound', 'SDG', '938', 2, NULL, NULL);
INSERT INTO currency (id, currency, alphabetic_code, numeric_code, minor_unit, withdrawal_date, remark) VALUES ('537572696e616d20446f6c6c6172', 'Surinam Dollar', 'SRD', '968', 2, NULL, NULL);
INSERT INTO currency (id, currency, alphabetic_code, numeric_code, minor_unit, withdrawal_date, remark) VALUES ('4c696c616e67656e69', 'Lilangeni', 'SZL', '748', 2, NULL, NULL);
INSERT INTO currency (id, currency, alphabetic_code, numeric_code, minor_unit, withdrawal_date, remark) VALUES ('53776564697368204b726f6e61', 'Swedish Krona', 'SEK', '752', 2, NULL, NULL);
INSERT INTO currency (id, currency, alphabetic_code, numeric_code, minor_unit, withdrawal_date, remark) VALUES ('574952204575726f', 'WIR Euro', 'CHE', '947', 2, NULL, NULL);
INSERT INTO currency (id, currency, alphabetic_code, numeric_code, minor_unit, withdrawal_date, remark) VALUES ('574952204672616e63', 'WIR Franc', 'CHW', '948', 2, NULL, NULL);
INSERT INTO currency (id, currency, alphabetic_code, numeric_code, minor_unit, withdrawal_date, remark) VALUES ('53797269616e20506f756e64', 'Syrian Pound', 'SYP', '760', 2, NULL, NULL);
INSERT INTO currency (id, currency, alphabetic_code, numeric_code, minor_unit, withdrawal_date, remark) VALUES ('4e65772054616977616e20446f6c6c6172', 'New Taiwan Dollar', 'TWD', '901', 2, NULL, NULL);
INSERT INTO currency (id, currency, alphabetic_code, numeric_code, minor_unit, withdrawal_date, remark) VALUES ('536f6d6f6e69', 'Somoni', 'TJS', '972', 2, NULL, NULL);
INSERT INTO currency (id, currency, alphabetic_code, numeric_code, minor_unit, withdrawal_date, remark) VALUES ('54616e7a616e69616e205368696c6c696e67', 'Tanzanian Shilling', 'TZS', '834', 2, NULL, NULL);
INSERT INTO currency (id, currency, alphabetic_code, numeric_code, minor_unit, withdrawal_date, remark) VALUES ('42616874', 'Baht', 'THB', '764', 2, NULL, NULL);
INSERT INTO currency (id, currency, alphabetic_code, numeric_code, minor_unit, withdrawal_date, remark) VALUES ('50613f616e6761', 'Pa?anga', 'TOP', '776', 2, NULL, NULL);
INSERT INTO currency (id, currency, alphabetic_code, numeric_code, minor_unit, withdrawal_date, remark) VALUES ('5472696e6964616420616e6420546f6261676f20446f6c6c6172', 'Trinidad and Tobago Dollar', 'TTD', '780', 2, NULL, NULL);
INSERT INTO currency (id, currency, alphabetic_code, numeric_code, minor_unit, withdrawal_date, remark) VALUES ('54756e697369616e2044696e6172', 'Tunisian Dinar', 'TND', '788', 3, NULL, NULL);
INSERT INTO currency (id, currency, alphabetic_code, numeric_code, minor_unit, withdrawal_date, remark) VALUES ('5475726b697368204c697261', 'Turkish Lira', 'TRY', '949', 2, NULL, NULL);
INSERT INTO currency (id, currency, alphabetic_code, numeric_code, minor_unit, withdrawal_date, remark) VALUES ('5475726b6d656e697374616e204e6577204d616e6174', 'Turkmenistan New Manat', 'TMT', '934', 2, NULL, NULL);
INSERT INTO currency (id, currency, alphabetic_code, numeric_code, minor_unit, withdrawal_date, remark) VALUES ('5567616e6461205368696c6c696e67', 'Uganda Shilling', 'UGX', '800', 2, NULL, NULL);
INSERT INTO currency (id, currency, alphabetic_code, numeric_code, minor_unit, withdrawal_date, remark) VALUES ('487279766e6961', 'Hryvnia', 'UAH', '980', 2, NULL, NULL);
INSERT INTO currency (id, currency, alphabetic_code, numeric_code, minor_unit, withdrawal_date, remark) VALUES ('5541452044697268616d', 'UAE Dirham', 'AED', '784', 2, NULL, NULL);
INSERT INTO currency (id, currency, alphabetic_code, numeric_code, minor_unit, withdrawal_date, remark) VALUES ('555320446f6c6c617220284e6578742064617929', 'US Dollar (Next day)', 'USN', '997', 2, NULL, NULL);
INSERT INTO currency (id, currency, alphabetic_code, numeric_code, minor_unit, withdrawal_date, remark) VALUES ('555320446f6c6c6172202853616d652064617929', 'US Dollar (Same day)', 'USS', '998', 2, NULL, NULL);
INSERT INTO currency (id, currency, alphabetic_code, numeric_code, minor_unit, withdrawal_date, remark) VALUES ('55727567756179205065736f20656e20556e69646164657320496e646578616461732028555255495552554929', 'Uruguay Peso en Unidades Indexadas (URUIURUI)', 'UYI', '940', 0, NULL, NULL);
INSERT INTO currency (id, currency, alphabetic_code, numeric_code, minor_unit, withdrawal_date, remark) VALUES ('5065736f20557275677561796f', 'Peso Uruguayo', 'UYU', '858', 2, NULL, NULL);
INSERT INTO currency (id, currency, alphabetic_code, numeric_code, minor_unit, withdrawal_date, remark) VALUES ('557a62656b697374616e2053756d', 'Uzbekistan Sum', 'UZS', '860', 2, NULL, NULL);
INSERT INTO currency (id, currency, alphabetic_code, numeric_code, minor_unit, withdrawal_date, remark) VALUES ('56617475', 'Vatu', 'VUV', '548', 0, NULL, NULL);
INSERT INTO currency (id, currency, alphabetic_code, numeric_code, minor_unit, withdrawal_date, remark) VALUES ('426f6c6976617220467565727465', 'Bolivar Fuerte', 'VEF', '937', 2, NULL, NULL);
INSERT INTO currency (id, currency, alphabetic_code, numeric_code, minor_unit, withdrawal_date, remark) VALUES ('446f6e67', 'Dong', 'VND', '704', 0, NULL, NULL);
INSERT INTO currency (id, currency, alphabetic_code, numeric_code, minor_unit, withdrawal_date, remark) VALUES ('59656d656e69205269616c', 'Yemeni Rial', 'YER', '886', 2, NULL, NULL);
INSERT INTO currency (id, currency, alphabetic_code, numeric_code, minor_unit, withdrawal_date, remark) VALUES ('5a616d6269616e204b7761636861', 'Zambian Kwacha', 'ZMK', '894', 2, NULL, NULL);
INSERT INTO currency (id, currency, alphabetic_code, numeric_code, minor_unit, withdrawal_date, remark) VALUES ('5a696d626162776520446f6c6c6172', 'Zimbabwe Dollar', 'ZWL', '932', 2, NULL, NULL);
INSERT INTO currency (id, currency, alphabetic_code, numeric_code, minor_unit, withdrawal_date, remark) VALUES ('426f6e64204d61726b65747320556e6974204575726f7065616e20436f6d706f7369746520556e69742028455552434f29', 'Bond Markets Unit European Composite Unit (EURCO)', 'XBA', '955', NULL, NULL, NULL);
INSERT INTO currency (id, currency, alphabetic_code, numeric_code, minor_unit, withdrawal_date, remark) VALUES ('426f6e64204d61726b65747320556e6974204575726f7065616e204d6f6e657461727920556e69742028452e4d2e552e2d3629', 'Bond Markets Unit European Monetary Unit (E.M.U.-6)', 'XBB', '956', NULL, NULL, NULL);
INSERT INTO currency (id, currency, alphabetic_code, numeric_code, minor_unit, withdrawal_date, remark) VALUES ('426f6e64204d61726b65747320556e6974204575726f7065616e20556e6974206f66204163636f756e7420392028452e552e412e2d3929', 'Bond Markets Unit European Unit of Account 9 (E.U.A.-9)', 'XBC', '957', NULL, NULL, NULL);
INSERT INTO currency (id, currency, alphabetic_code, numeric_code, minor_unit, withdrawal_date, remark) VALUES ('426f6e64204d61726b65747320556e6974204575726f7065616e20556e6974206f66204163636f756e742031372028452e552e412e2d313729', 'Bond Markets Unit European Unit of Account 17 (E.U.A.-17)', 'XBD', '958', NULL, NULL, NULL);
INSERT INTO currency (id, currency, alphabetic_code, numeric_code, minor_unit, withdrawal_date, remark) VALUES ('5549432d4672616e63', 'UIC-Franc', 'XFU', NULL, NULL, NULL, NULL);
INSERT INTO currency (id, currency, alphabetic_code, numeric_code, minor_unit, withdrawal_date, remark) VALUES ('436f646573207370656369666963616c6c7920726573657276656420666f722074657374696e6720707572706f736573', 'Codes specifically reserved for testing purposes', 'XTS', '963', NULL, NULL, NULL);
INSERT INTO currency (id, currency, alphabetic_code, numeric_code, minor_unit, withdrawal_date, remark) VALUES ('54686520636f6465732061737369676e656420666f72207472616e73616374696f6e73207768657265206e6f2063757272656e637920697320696e766f6c766564', 'The codes assigned for transactions where no currency is involved', 'XXX', '999', NULL, NULL, NULL);
INSERT INTO currency (id, currency, alphabetic_code, numeric_code, minor_unit, withdrawal_date, remark) VALUES ('476f6c64', 'Gold', 'XAU', '959', NULL, NULL, NULL);
INSERT INTO currency (id, currency, alphabetic_code, numeric_code, minor_unit, withdrawal_date, remark) VALUES ('50616c6c616469756d', 'Palladium', 'XPD', '964', NULL, NULL, NULL);
INSERT INTO currency (id, currency, alphabetic_code, numeric_code, minor_unit, withdrawal_date, remark) VALUES ('506c6174696e756d', 'Platinum', 'XPT', '962', NULL, NULL, NULL);
INSERT INTO currency (id, currency, alphabetic_code, numeric_code, minor_unit, withdrawal_date, remark) VALUES ('53696c766572', 'Silver', 'XAG', '961', NULL, NULL, NULL);
INSERT INTO currency (id, currency, alphabetic_code, numeric_code, minor_unit, withdrawal_date, remark) VALUES ('4d61726b6b61', 'Markka', 'FIM', '246', NULL, '2002-03', NULL);
INSERT INTO currency (id, currency, alphabetic_code, numeric_code, minor_unit, withdrawal_date, remark) VALUES ('4f6c64204c656b', 'Old Lek', 'ALK', NULL, NULL, '1989-12', 'non ISO code');
INSERT INTO currency (id, currency, alphabetic_code, numeric_code, minor_unit, withdrawal_date, remark) VALUES ('416e646f7272616e20506573657461', 'Andorran Peseta', 'ADP', '20', NULL, '2003-07', NULL);
INSERT INTO currency (id, currency, alphabetic_code, numeric_code, minor_unit, withdrawal_date, remark) VALUES ('5370616e69736820506573657461', 'Spanish Peseta', 'ESP', '724', NULL, '2002-03', NULL);
INSERT INTO currency (id, currency, alphabetic_code, numeric_code, minor_unit, withdrawal_date, remark) VALUES ('4672656e6368204672616e63', 'French Franc', 'FRF', '250', NULL, '2002-03', NULL);
INSERT INTO currency (id, currency, alphabetic_code, numeric_code, minor_unit, withdrawal_date, remark) VALUES ('4e6577204b77616e7a61', 'New Kwanza', 'AON', '24', NULL, '2000-02', NULL);
INSERT INTO currency (id, currency, alphabetic_code, numeric_code, minor_unit, withdrawal_date, remark) VALUES ('4b77616e7a61205265616a75737461646f', 'Kwanza Reajustado', 'AOR', '982', NULL, '2000-02', NULL);
INSERT INTO currency (id, currency, alphabetic_code, numeric_code, minor_unit, withdrawal_date, remark) VALUES ('4175737472616c', 'Austral', 'ARA', '32', NULL, '1992-01', NULL);
INSERT INTO currency (id, currency, alphabetic_code, numeric_code, minor_unit, withdrawal_date, remark) VALUES ('5065736f20417267656e74696e6f', 'Peso Argentino', 'ARP', '32', NULL, '1985-07', NULL);
INSERT INTO currency (id, currency, alphabetic_code, numeric_code, minor_unit, withdrawal_date, remark) VALUES ('5065736f', 'Peso', 'ARY', NULL, NULL, '1989 to 1990', 'non ISO code');
INSERT INTO currency (id, currency, alphabetic_code, numeric_code, minor_unit, withdrawal_date, remark) VALUES ('536368696c6c696e67', 'Schilling', 'ATS', '40', NULL, '2002-03', NULL);
INSERT INTO currency (id, currency, alphabetic_code, numeric_code, minor_unit, withdrawal_date, remark) VALUES ('417a65726261696a616e204d616e6174', 'Azerbaijan Manat', 'AYM', '945', NULL, '2005-10', 'non ISO code');
INSERT INTO currency (id, currency, alphabetic_code, numeric_code, minor_unit, withdrawal_date, remark) VALUES ('436f6e7665727469626c65204672616e63', 'Convertible Franc', 'BEC', '993', NULL, '1990-03', NULL);
INSERT INTO currency (id, currency, alphabetic_code, numeric_code, minor_unit, withdrawal_date, remark) VALUES ('42656c6769616e204672616e6320', 'Belgian Franc ', 'BEF', '56', NULL, '2002-03', NULL);
INSERT INTO currency (id, currency, alphabetic_code, numeric_code, minor_unit, withdrawal_date, remark) VALUES ('46696e616e6369616c204672616e63', 'Financial Franc', 'BEL', '992', NULL, '1990-03', NULL);
INSERT INTO currency (id, currency, alphabetic_code, numeric_code, minor_unit, withdrawal_date, remark) VALUES ('5065736f20626f6c697669616e6f', 'Peso boliviano', 'BOP', NULL, NULL, '1987-02', NULL);
INSERT INTO currency (id, currency, alphabetic_code, numeric_code, minor_unit, withdrawal_date, remark) VALUES ('44696e6172', 'Dinar', 'BAD', '70', NULL, '1997-07', NULL);
INSERT INTO currency (id, currency, alphabetic_code, numeric_code, minor_unit, withdrawal_date, remark) VALUES ('4372757a6569726f', 'Cruzeiro', 'BRB', NULL, NULL, '1986-03', NULL);
INSERT INTO currency (id, currency, alphabetic_code, numeric_code, minor_unit, withdrawal_date, remark) VALUES ('4372757a61646f', 'Cruzado', 'BRC', '76', NULL, '1989-02', NULL);
INSERT INTO currency (id, currency, alphabetic_code, numeric_code, minor_unit, withdrawal_date, remark) VALUES ('4e6577204372757a61646f', 'New Cruzado', 'BRN', '76', NULL, '1990-03', NULL);
INSERT INTO currency (id, currency, alphabetic_code, numeric_code, minor_unit, withdrawal_date, remark) VALUES ('4372757a6569726f205265616c', 'Cruzeiro Real', 'BRR', '987', NULL, '1994-07', NULL);
INSERT INTO currency (id, currency, alphabetic_code, numeric_code, minor_unit, withdrawal_date, remark) VALUES ('4c657620412f3532', 'Lev A/52', 'BGJ', NULL, NULL, '1989 to 1990', 'non ISO code');
INSERT INTO currency (id, currency, alphabetic_code, numeric_code, minor_unit, withdrawal_date, remark) VALUES ('4c657620412f3632', 'Lev A/62', 'BGK', NULL, NULL, '1989 to 1990', 'non ISO code');
INSERT INTO currency (id, currency, alphabetic_code, numeric_code, minor_unit, withdrawal_date, remark) VALUES ('4c6576', 'Lev', 'BGL', '100', NULL, '2003-11', NULL);
INSERT INTO currency (id, currency, alphabetic_code, numeric_code, minor_unit, withdrawal_date, remark) VALUES ('0', NULL, 'BUK', NULL, NULL, '1990-02', NULL);
INSERT INTO currency (id, currency, alphabetic_code, numeric_code, minor_unit, withdrawal_date, remark) VALUES ('50656f706c65732042616e6b20446f6c6c6172', 'Peoples Bank Dollar', 'CNX', NULL, NULL, '1989-12', 'non ISO code');
INSERT INTO currency (id, currency, alphabetic_code, numeric_code, minor_unit, withdrawal_date, remark) VALUES ('43726f617469616e2044696e6172', 'Croatian Dinar', 'HRD', '191', NULL, '1995-01', NULL);
INSERT INTO currency (id, currency, alphabetic_code, numeric_code, minor_unit, withdrawal_date, remark) VALUES ('43797072757320506f756e64', 'Cyprus Pound', 'CYP', '196', NULL, '2008-01', NULL);
INSERT INTO currency (id, currency, alphabetic_code, numeric_code, minor_unit, withdrawal_date, remark) VALUES ('4b726f6e6120412f3533', 'Krona A/53', 'CSJ', NULL, NULL, '1989 to 1990', 'non ISO code');
INSERT INTO currency (id, currency, alphabetic_code, numeric_code, minor_unit, withdrawal_date, remark) VALUES ('4b6f72756e61', 'Koruna', 'CSK', '200', NULL, '1993-03', NULL);
INSERT INTO currency (id, currency, alphabetic_code, numeric_code, minor_unit, withdrawal_date, remark) VALUES ('556e696461642064652056616c6f7220436f6e7374616e7465202855564329', 'Unidad de Valor Constante (UVC)', 'ECV', '983', NULL, '2000-09', NULL);
INSERT INTO currency (id, currency, alphabetic_code, numeric_code, minor_unit, withdrawal_date, remark) VALUES ('456b77656c65', 'Ekwele', 'EQE', NULL, NULL, '1989-12', NULL);
INSERT INTO currency (id, currency, alphabetic_code, numeric_code, minor_unit, withdrawal_date, remark) VALUES ('4b726f6f6e', 'Kroon', 'EEK ', '233', NULL, '2011-01', NULL);
INSERT INTO currency (id, currency, alphabetic_code, numeric_code, minor_unit, withdrawal_date, remark) VALUES ('4575726f7065616e2043757272656e637920556e69742028452e432e552920', 'European Currency Unit (E.C.U) ', 'XEU ', '954', NULL, '1999-01 ', NULL);
INSERT INTO currency (id, currency, alphabetic_code, numeric_code, minor_unit, withdrawal_date, remark) VALUES ('47656f726769616e20436f75706f6e', 'Georgian Coupon', 'GEK', '268', NULL, '1995-10', NULL);
INSERT INTO currency (id, currency, alphabetic_code, numeric_code, minor_unit, withdrawal_date, remark) VALUES ('4d61726b2064657220444452', 'Mark der DDR', 'DDM', '278', NULL, '1990-07 to 1990-09', NULL);
INSERT INTO currency (id, currency, alphabetic_code, numeric_code, minor_unit, withdrawal_date, remark) VALUES ('4465757473636865204d61726b', 'Deutsche Mark', 'DEM', '276', NULL, '2002-03', NULL);
INSERT INTO currency (id, currency, alphabetic_code, numeric_code, minor_unit, withdrawal_date, remark) VALUES ('43656469', 'Cedi', 'GHC', '288', NULL, '2008-01', NULL);
INSERT INTO currency (id, currency, alphabetic_code, numeric_code, minor_unit, withdrawal_date, remark) VALUES ('4768616e61204365646920', 'Ghana Cedi ', 'GHP', '939', NULL, '2007-06', NULL);
INSERT INTO currency (id, currency, alphabetic_code, numeric_code, minor_unit, withdrawal_date, remark) VALUES ('44726163686d61', 'Drachma', 'GRD', '300', NULL, '2002-03', NULL);
INSERT INTO currency (id, currency, alphabetic_code, numeric_code, minor_unit, withdrawal_date, remark) VALUES ('53796c69', 'Syli', 'GNE', NULL, NULL, '1989-12', 'non ISO code');
INSERT INTO currency (id, currency, alphabetic_code, numeric_code, minor_unit, withdrawal_date, remark) VALUES ('4775696e65612045736375646f', 'Guinea Escudo', 'GWE', NULL, NULL, '1978 to 1981', NULL);
INSERT INTO currency (id, currency, alphabetic_code, numeric_code, minor_unit, withdrawal_date, remark) VALUES ('4775696e65612d426973736175205065736f', 'Guinea-Bissau Peso', 'GWP', '624', NULL, '1997-05', NULL);
INSERT INTO currency (id, currency, alphabetic_code, numeric_code, minor_unit, withdrawal_date, remark) VALUES ('4974616c69616e204c697261', 'Italian Lira', 'ITL', '380', NULL, '2002-03', NULL);
INSERT INTO currency (id, currency, alphabetic_code, numeric_code, minor_unit, withdrawal_date, remark) VALUES ('4f6c64204b726f6e61', 'Old Krona', 'ISJ', NULL, NULL, '1989 to 1990', 'non ISO code');
INSERT INTO currency (id, currency, alphabetic_code, numeric_code, minor_unit, withdrawal_date, remark) VALUES ('497269736820506f756e64', 'Irish Pound', 'IEP', '372', NULL, '2002-03', NULL);
INSERT INTO currency (id, currency, alphabetic_code, numeric_code, minor_unit, withdrawal_date, remark) VALUES ('506f756e64', 'Pound', 'ILP', NULL, NULL, '1978 to 1981', NULL);
INSERT INTO currency (id, currency, alphabetic_code, numeric_code, minor_unit, withdrawal_date, remark) VALUES ('4f6c64205368656b656c', 'Old Shekel', 'ILR', NULL, NULL, '1989 to 1990', 'non ISO code');
INSERT INTO currency (id, currency, alphabetic_code, numeric_code, minor_unit, withdrawal_date, remark) VALUES ('4b697020506f7420506f6c', 'Kip Pot Pol', 'LAJ', NULL, NULL, '1989-12', 'non ISO code');
INSERT INTO currency (id, currency, alphabetic_code, numeric_code, minor_unit, withdrawal_date, remark) VALUES ('4c61747669616e205275626c65', 'Latvian Ruble', 'LVR', '428', NULL, '1994-12', NULL);
INSERT INTO currency (id, currency, alphabetic_code, numeric_code, minor_unit, withdrawal_date, remark) VALUES ('4d616c6f7469', 'Maloti', 'LSM', NULL, NULL, '1985-05', NULL);
INSERT INTO currency (id, currency, alphabetic_code, numeric_code, minor_unit, withdrawal_date, remark) VALUES ('46696e616e6369616c2052616e64', 'Financial Rand', 'ZAL', '991', NULL, '1995-03', NULL);
INSERT INTO currency (id, currency, alphabetic_code, numeric_code, minor_unit, withdrawal_date, remark) VALUES ('54616c6f6e6173', 'Talonas', 'LTT', '440', NULL, '1993-07', NULL);
INSERT INTO currency (id, currency, alphabetic_code, numeric_code, minor_unit, withdrawal_date, remark) VALUES ('4c7578656d626f75726720436f6e7665727469626c65204672616e63', 'Luxembourg Convertible Franc', 'LUC', '989', NULL, '1990-03', NULL);
INSERT INTO currency (id, currency, alphabetic_code, numeric_code, minor_unit, withdrawal_date, remark) VALUES ('4c7578656d626f757267204672616e63', 'Luxembourg Franc', 'LUF', '442', NULL, '2002-03', NULL);
INSERT INTO currency (id, currency, alphabetic_code, numeric_code, minor_unit, withdrawal_date, remark) VALUES ('4c7578656d626f7572672046696e616e6369616c204672616e63', 'Luxembourg Financial Franc', 'LUL', '988', NULL, '1990-03', NULL);
INSERT INTO currency (id, currency, alphabetic_code, numeric_code, minor_unit, withdrawal_date, remark) VALUES ('4d616c6167617379204672616e63', 'Malagasy Franc', 'MGF', '450', NULL, '2004-12', NULL);
INSERT INTO currency (id, currency, alphabetic_code, numeric_code, minor_unit, withdrawal_date, remark) VALUES ('4d616c64697665205275706565', 'Maldive Rupee', 'MVQ', NULL, NULL, '1989-12', 'non ISO code');
INSERT INTO currency (id, currency, alphabetic_code, numeric_code, minor_unit, withdrawal_date, remark) VALUES ('4d616c69204672616e63', 'Mali Franc', 'MAF', NULL, NULL, '1989-12', 'non ISO code');
INSERT INTO currency (id, currency, alphabetic_code, numeric_code, minor_unit, withdrawal_date, remark) VALUES ('4d616c74657365204c697261', 'Maltese Lira', 'MTL', '470', NULL, '2008-01', NULL);
INSERT INTO currency (id, currency, alphabetic_code, numeric_code, minor_unit, withdrawal_date, remark) VALUES ('4d616c7465736520506f756e64', 'Maltese Pound', 'MTP', NULL, NULL, '1983-06', NULL);
INSERT INTO currency (id, currency, alphabetic_code, numeric_code, minor_unit, withdrawal_date, remark) VALUES ('4d6f7a616d62697175652045736375646f', 'Mozambique Escudo', 'MZE', NULL, NULL, '1978 to 1981', NULL);
INSERT INTO currency (id, currency, alphabetic_code, numeric_code, minor_unit, withdrawal_date, remark) VALUES ('4e65746865726c616e6473204775696c646572', 'Netherlands Guilder', 'NLG', '528', NULL, '2002-03', NULL);
INSERT INTO currency (id, currency, alphabetic_code, numeric_code, minor_unit, withdrawal_date, remark) VALUES ('4e65746865726c616e647320416e74696c6c65616e204775696c64657220', 'Netherlands Antillean Guilder ', 'ANG', '532', NULL, '2010-10', NULL);
INSERT INTO currency (id, currency, alphabetic_code, numeric_code, minor_unit, withdrawal_date, remark) VALUES ('436f72646f6261', 'Cordoba', 'NIC', NULL, NULL, '1990-10', NULL);
INSERT INTO currency (id, currency, alphabetic_code, numeric_code, minor_unit, withdrawal_date, remark) VALUES ('536f6c', 'Sol', 'PEH', NULL, NULL, '1989 to 1990', 'non ISO code');
INSERT INTO currency (id, currency, alphabetic_code, numeric_code, minor_unit, withdrawal_date, remark) VALUES ('496e7469', 'Inti', 'PEI', '604', NULL, '1991-07', NULL);
INSERT INTO currency (id, currency, alphabetic_code, numeric_code, minor_unit, withdrawal_date, remark) VALUES ('506f72747567756573652045736375646f', 'Portuguese Escudo', 'PTE', '620', NULL, '2002-03', NULL);
INSERT INTO currency (id, currency, alphabetic_code, numeric_code, minor_unit, withdrawal_date, remark) VALUES ('4c657520412f3532', 'Leu A/52', 'ROK', NULL, NULL, '1989 to 1990', 'non ISO code');
INSERT INTO currency (id, currency, alphabetic_code, numeric_code, minor_unit, withdrawal_date, remark) VALUES ('4f6c64204c6575', 'Old Leu', 'ROL', '642', NULL, '2005-06', NULL);
INSERT INTO currency (id, currency, alphabetic_code, numeric_code, minor_unit, withdrawal_date, remark) VALUES ('536c6f76616b204b6f72756e61', 'Slovak Koruna', 'SKK', '703', NULL, '2009-01', NULL);
INSERT INTO currency (id, currency, alphabetic_code, numeric_code, minor_unit, withdrawal_date, remark) VALUES ('546f6c6172', 'Tolar', 'SIT', '705', NULL, '2007-01', NULL);
INSERT INTO currency (id, currency, alphabetic_code, numeric_code, minor_unit, withdrawal_date, remark) VALUES ('52686f64657369616e20446f6c6c6172', 'Rhodesian Dollar', 'RHD', NULL, NULL, '1978 to 1981', NULL);
INSERT INTO currency (id, currency, alphabetic_code, numeric_code, minor_unit, withdrawal_date, remark) VALUES ('224122204163636f756e742028636f6e7665727469626c6520506573657461204163636f756e7429', '"A" Account (convertible Peseta Account)', 'ESB', '995', NULL, '1994-12', NULL);
INSERT INTO currency (id, currency, alphabetic_code, numeric_code, minor_unit, withdrawal_date, remark) VALUES ('537564616e6573652044696e6172', 'Sudanese Dinar', 'SDD', '736', NULL, '2007-07', NULL);
INSERT INTO currency (id, currency, alphabetic_code, numeric_code, minor_unit, withdrawal_date, remark) VALUES ('537572696e616d204775696c646572', 'Surinam Guilder', 'SRG', '740', NULL, '2003-12', NULL);
INSERT INTO currency (id, currency, alphabetic_code, numeric_code, minor_unit, withdrawal_date, remark) VALUES ('574952204672616e632028666f7220656c656374726f6e696329', 'WIR Franc (for electronic)', 'CHC', '948', NULL, '2004-11', NULL);
INSERT INTO currency (id, currency, alphabetic_code, numeric_code, minor_unit, withdrawal_date, remark) VALUES ('54616a696b205275626c65', 'Tajik Ruble', 'TJR', '762', NULL, '2001-04', NULL);
INSERT INTO currency (id, currency, alphabetic_code, numeric_code, minor_unit, withdrawal_date, remark) VALUES ('54696d6f722045736375646f', 'Timor Escudo', 'TPE', '626', NULL, '2002-11', NULL);
INSERT INTO currency (id, currency, alphabetic_code, numeric_code, minor_unit, withdrawal_date, remark) VALUES ('4f6c64205475726b697368204c697261', 'Old Turkish Lira', 'TRL', '792', NULL, '2005-12', NULL);
INSERT INTO currency (id, currency, alphabetic_code, numeric_code, minor_unit, withdrawal_date, remark) VALUES ('4e6577205475726b697368204c697261', 'New Turkish Lira', 'TRY', '949', NULL, '2009-01', NULL);
INSERT INTO currency (id, currency, alphabetic_code, numeric_code, minor_unit, withdrawal_date, remark) VALUES ('5475726b6d656e697374616e204d616e6174', 'Turkmenistan Manat', 'TMM', '795', NULL, '2009-01', NULL);
INSERT INTO currency (id, currency, alphabetic_code, numeric_code, minor_unit, withdrawal_date, remark) VALUES ('4f6c64205368696c6c696e67', 'Old Shilling', 'UGW', NULL, NULL, '1989 to 1990', 'non ISO code');
INSERT INTO currency (id, currency, alphabetic_code, numeric_code, minor_unit, withdrawal_date, remark) VALUES ('4b6172626f76616e6574', 'Karbovanet', 'UAK', '804', NULL, '1996-09', NULL);
INSERT INTO currency (id, currency, alphabetic_code, numeric_code, minor_unit, withdrawal_date, remark) VALUES ('526f75626c65', 'Rouble', 'SUR', NULL, NULL, '1990-12', NULL);
INSERT INTO currency (id, currency, alphabetic_code, numeric_code, minor_unit, withdrawal_date, remark) VALUES ('4f6c642055727567756179205065736f', 'Old Uruguay Peso', 'UYN', NULL, NULL, '1989-12', 'non ISO code');
INSERT INTO currency (id, currency, alphabetic_code, numeric_code, minor_unit, withdrawal_date, remark) VALUES ('55727567756179616e205065736f', 'Uruguayan Peso', 'UYP', NULL, NULL, '1993-03', NULL);
INSERT INTO currency (id, currency, alphabetic_code, numeric_code, minor_unit, withdrawal_date, remark) VALUES ('426f6c69766172', 'Bolivar', 'VEB', '862', NULL, '2008-01', NULL);
INSERT INTO currency (id, currency, alphabetic_code, numeric_code, minor_unit, withdrawal_date, remark) VALUES ('4f6c6420446f6e67', 'Old Dong', 'VNC', NULL, NULL, '1989-1990', 'non ISO code');
INSERT INTO currency (id, currency, alphabetic_code, numeric_code, minor_unit, withdrawal_date, remark) VALUES ('59656d656e692044696e6172', 'Yemeni Dinar', 'YDD', '720', NULL, '1991-09', NULL);
INSERT INTO currency (id, currency, alphabetic_code, numeric_code, minor_unit, withdrawal_date, remark) VALUES ('4e6577205975676f736c617669616e2044696e6172', 'New Yugoslavian Dinar', 'YUD', NULL, NULL, '1990-01', NULL);
INSERT INTO currency (id, currency, alphabetic_code, numeric_code, minor_unit, withdrawal_date, remark) VALUES ('4e65772044696e6172', 'New Dinar', 'YUM', '891', NULL, '2003-07', NULL);
INSERT INTO currency (id, currency, alphabetic_code, numeric_code, minor_unit, withdrawal_date, remark) VALUES ('5975676f736c617669616e2044696e6172', 'Yugoslavian Dinar', 'YUN', '890', NULL, '1995-11', NULL);
INSERT INTO currency (id, currency, alphabetic_code, numeric_code, minor_unit, withdrawal_date, remark) VALUES ('4e6577205a61697265', 'New Zaire', 'ZRN', '180', NULL, '1999-06', NULL);
INSERT INTO currency (id, currency, alphabetic_code, numeric_code, minor_unit, withdrawal_date, remark) VALUES ('5a61697265', 'Zaire', 'ZRZ', '180', NULL, '1994-02', NULL);
INSERT INTO currency (id, currency, alphabetic_code, numeric_code, minor_unit, withdrawal_date, remark) VALUES ('5a696d626162776520446f6c6c617220286f6c6429', 'Zimbabwe Dollar (old)', 'ZWD', '716', NULL, '2006-08', NULL);
INSERT INTO currency (id, currency, alphabetic_code, numeric_code, minor_unit, withdrawal_date, remark) VALUES ('5a696d626162776520446f6c6c617220286e657729', 'Zimbabwe Dollar (new)', 'ZWN', '942', NULL, '2006-09', NULL);
INSERT INTO currency (id, currency, alphabetic_code, numeric_code, minor_unit, withdrawal_date, remark) VALUES ('476f6c642d4672616e63', 'Gold-Franc', 'XFO', NULL, NULL, '2006-10', NULL);
INSERT INTO currency (id, currency, alphabetic_code, numeric_code, minor_unit, withdrawal_date, remark) VALUES ('52494e45542046756e647320436f6465', 'RINET Funds Code', 'XRE', NULL, NULL, '1999-11', NULL);

// Country types
INSERT INTO country_type (id, name) VALUES ('496e646570656e64656e74205374617465', 'Independent State');
INSERT INTO country_type (id, name) VALUES ('50726f746f20496e646570656e64656e74205374617465', 'Proto Independent State');
INSERT INTO country_type (id, name) VALUES ('446570656e64656e6379', 'Dependency');
INSERT INTO country_type (id, name) VALUES ('50726f746f20446570656e64656e6379', 'Proto Dependency');
INSERT INTO country_type (id, name) VALUES ('416e74617263746963205465727269746f7279', 'Antarctic Territory');

// Country sub-types
INSERT INTO country_sub_type (id, name) VALUES ('45787465726e616c205465727269746f7279', 'External Territory');
INSERT INTO country_sub_type (id, name) VALUES ('5375692067656e6572697320436f6c6c6563746976697479', 'Sui generis Collectivity');
INSERT INTO country_sub_type (id, name) VALUES ('4f7665727365617320436f6c6c6563746976697479', 'Overseas Collectivity');
INSERT INTO country_sub_type (id, name) VALUES ('4f76657273656173205465727269746f7279', 'Overseas Territory');
INSERT INTO country_sub_type (id, name) VALUES ('506f7373657373696f6e', 'Possession');
INSERT INTO country_sub_type (id, name) VALUES ('5465727269746f7279', 'Territory');
INSERT INTO country_sub_type (id, name) VALUES ('53656c662d476f7665726e696e6720696e2046726565204173736f63696174696f6e', 'Self-Governing in Free Association');
INSERT INTO country_sub_type (id, name) VALUES ('43726f776e20446570656e64656e6379', 'Crown Dependency');
INSERT INTO country_sub_type (id, name) VALUES ('436f6d6d6f6e7765616c7468', 'Commonwealth');
INSERT INTO country_sub_type (id, name) VALUES ('5370656369616c2041646d696e69737472617469766520526567696f6e', 'Special Administrative Region');
INSERT INTO country_sub_type (id, name) VALUES ('4f7665727365617320526567696f6e', 'Overseas Region');
INSERT INTO country_sub_type (id, name) VALUES ('446570656e64656e6379206f66205361696e742048656c656e61', 'Dependency of Saint Helena');

// Countries
INSERT INTO country (id, common_name, formal_name, type, sub_type, sovereignty, capital, itu_t_telephone_code, iso3166_1_alpha_2_code, iso3166_1_alpha_3_code, iso3166_1_numeric_code, iana_country_code_top_level_domain) VALUES ('41666768616e697374616e', 'Afghanistan', 'Islamic State of Afghanistan', '496e646570656e64656e74205374617465', NULL, NULL, 'Kabul', '93', 'AF', 'AFG', '4', '.af');
INSERT INTO country (id, common_name, formal_name, type, sub_type, sovereignty, capital, itu_t_telephone_code, iso3166_1_alpha_2_code, iso3166_1_alpha_3_code, iso3166_1_numeric_code, iana_country_code_top_level_domain) VALUES ('416c62616e6961', 'Albania', 'Republic of Albania', '496e646570656e64656e74205374617465', NULL, NULL, 'Tirana', '355', 'AL', 'ALB', '8', '.al');
INSERT INTO country (id, common_name, formal_name, type, sub_type, sovereignty, capital, itu_t_telephone_code, iso3166_1_alpha_2_code, iso3166_1_alpha_3_code, iso3166_1_numeric_code, iana_country_code_top_level_domain) VALUES ('416c6765726961', 'Algeria', 'People''s Democratic Republic of Algeria', '496e646570656e64656e74205374617465', NULL, NULL, 'Algiers', '213', 'DZ', 'DZA', '12', '.dz');
INSERT INTO country (id, common_name, formal_name, type, sub_type, sovereignty, capital, itu_t_telephone_code, iso3166_1_alpha_2_code, iso3166_1_alpha_3_code, iso3166_1_numeric_code, iana_country_code_top_level_domain) VALUES ('416e646f727261', 'Andorra', 'Principality of Andorra', '496e646570656e64656e74205374617465', NULL, NULL, 'Andorra la Vella', '376', 'AD', 'AND', '20', '.ad');
INSERT INTO country (id, common_name, formal_name, type, sub_type, sovereignty, capital, itu_t_telephone_code, iso3166_1_alpha_2_code, iso3166_1_alpha_3_code, iso3166_1_numeric_code, iana_country_code_top_level_domain) VALUES ('416e676f6c61', 'Angola', 'Republic of Angola', '496e646570656e64656e74205374617465', NULL, NULL, 'Luanda', '244', 'AO', 'AGO', '24', '.ao');
INSERT INTO country (id, common_name, formal_name, type, sub_type, sovereignty, capital, itu_t_telephone_code, iso3166_1_alpha_2_code, iso3166_1_alpha_3_code, iso3166_1_numeric_code, iana_country_code_top_level_domain) VALUES ('416e746967756120616e642042617262756461', 'Antigua and Barbuda', NULL, '496e646570656e64656e74205374617465', NULL, NULL, 'Saint John''s', '-267', 'AG', 'ATG', '28', '.ag');
INSERT INTO country (id, common_name, formal_name, type, sub_type, sovereignty, capital, itu_t_telephone_code, iso3166_1_alpha_2_code, iso3166_1_alpha_3_code, iso3166_1_numeric_code, iana_country_code_top_level_domain) VALUES ('417267656e74696e61', 'Argentina', 'Argentine Republic', '496e646570656e64656e74205374617465', NULL, NULL, 'Buenos Aires', '54', 'AR', 'ARG', '32', '.ar');
INSERT INTO country (id, common_name, formal_name, type, sub_type, sovereignty, capital, itu_t_telephone_code, iso3166_1_alpha_2_code, iso3166_1_alpha_3_code, iso3166_1_numeric_code, iana_country_code_top_level_domain) VALUES ('41726d656e6961', 'Armenia', 'Republic of Armenia', '496e646570656e64656e74205374617465', NULL, NULL, 'Yerevan', '374', 'AM', 'ARM', '51', '.am');
INSERT INTO country (id, common_name, formal_name, type, sub_type, sovereignty, capital, itu_t_telephone_code, iso3166_1_alpha_2_code, iso3166_1_alpha_3_code, iso3166_1_numeric_code, iana_country_code_top_level_domain) VALUES ('4175737472616c6961', 'Australia', 'Commonwealth of Australia', '496e646570656e64656e74205374617465', NULL, NULL, 'Canberra', '61', 'AU', 'AUS', '36', '.au');
INSERT INTO country (id, common_name, formal_name, type, sub_type, sovereignty, capital, itu_t_telephone_code, iso3166_1_alpha_2_code, iso3166_1_alpha_3_code, iso3166_1_numeric_code, iana_country_code_top_level_domain) VALUES ('41757374726961', 'Austria', 'Republic of Austria', '496e646570656e64656e74205374617465', NULL, NULL, 'Vienna', '43', 'AT', 'AUT', '40', '.at');
INSERT INTO country (id, common_name, formal_name, type, sub_type, sovereignty, capital, itu_t_telephone_code, iso3166_1_alpha_2_code, iso3166_1_alpha_3_code, iso3166_1_numeric_code, iana_country_code_top_level_domain) VALUES ('417a65726261696a616e', 'Azerbaijan', 'Republic of Azerbaijan', '496e646570656e64656e74205374617465', NULL, NULL, 'Baku', '994', 'AZ', 'AZE', '31', '.az');
INSERT INTO country (id, common_name, formal_name, type, sub_type, sovereignty, capital, itu_t_telephone_code, iso3166_1_alpha_2_code, iso3166_1_alpha_3_code, iso3166_1_numeric_code, iana_country_code_top_level_domain) VALUES ('426168616d61732c20546865', 'Bahamas, The', 'Commonwealth of The Bahamas', '496e646570656e64656e74205374617465', NULL, NULL, 'Nassau', '-241', 'BS', 'BHS', '44', '.bs');
INSERT INTO country (id, common_name, formal_name, type, sub_type, sovereignty, capital, itu_t_telephone_code, iso3166_1_alpha_2_code, iso3166_1_alpha_3_code, iso3166_1_numeric_code, iana_country_code_top_level_domain) VALUES ('4261687261696e', 'Bahrain', 'Kingdom of Bahrain', '496e646570656e64656e74205374617465', NULL, NULL, 'Manama', '973', 'BH', 'BHR', '48', '.bh');
INSERT INTO country (id, common_name, formal_name, type, sub_type, sovereignty, capital, itu_t_telephone_code, iso3166_1_alpha_2_code, iso3166_1_alpha_3_code, iso3166_1_numeric_code, iana_country_code_top_level_domain) VALUES ('42616e676c6164657368', 'Bangladesh', 'People''s Republic of Bangladesh', '496e646570656e64656e74205374617465', NULL, NULL, 'Dhaka', '880', 'BD', 'BGD', '50', '.bd');
INSERT INTO country (id, common_name, formal_name, type, sub_type, sovereignty, capital, itu_t_telephone_code, iso3166_1_alpha_2_code, iso3166_1_alpha_3_code, iso3166_1_numeric_code, iana_country_code_top_level_domain) VALUES ('4261726261646f73', 'Barbados', NULL, '496e646570656e64656e74205374617465', NULL, NULL, 'Bridgetown', '-245', 'BB', 'BRB', '52', '.bb');
INSERT INTO country (id, common_name, formal_name, type, sub_type, sovereignty, capital, itu_t_telephone_code, iso3166_1_alpha_2_code, iso3166_1_alpha_3_code, iso3166_1_numeric_code, iana_country_code_top_level_domain) VALUES ('42656c61727573', 'Belarus', 'Republic of Belarus', '496e646570656e64656e74205374617465', NULL, NULL, 'Minsk', '375', 'BY', 'BLR', '112', '.by');
INSERT INTO country (id, common_name, formal_name, type, sub_type, sovereignty, capital, itu_t_telephone_code, iso3166_1_alpha_2_code, iso3166_1_alpha_3_code, iso3166_1_numeric_code, iana_country_code_top_level_domain) VALUES ('42656c6769756d', 'Belgium', 'Kingdom of Belgium', '496e646570656e64656e74205374617465', NULL, NULL, 'Brussels', '32', 'BE', 'BEL', '56', '.be');
INSERT INTO country (id, common_name, formal_name, type, sub_type, sovereignty, capital, itu_t_telephone_code, iso3166_1_alpha_2_code, iso3166_1_alpha_3_code, iso3166_1_numeric_code, iana_country_code_top_level_domain) VALUES ('42656c697a65', 'Belize', NULL, '496e646570656e64656e74205374617465', NULL, NULL, 'Belmopan', '501', 'BZ', 'BLZ', '84', '.bz');
INSERT INTO country (id, common_name, formal_name, type, sub_type, sovereignty, capital, itu_t_telephone_code, iso3166_1_alpha_2_code, iso3166_1_alpha_3_code, iso3166_1_numeric_code, iana_country_code_top_level_domain) VALUES ('42656e696e', 'Benin', 'Republic of Benin', '496e646570656e64656e74205374617465', NULL, NULL, 'Porto-Novo', '229', 'BJ', 'BEN', '204', '.bj');
INSERT INTO country (id, common_name, formal_name, type, sub_type, sovereignty, capital, itu_t_telephone_code, iso3166_1_alpha_2_code, iso3166_1_alpha_3_code, iso3166_1_numeric_code, iana_country_code_top_level_domain) VALUES ('42687574616e', 'Bhutan', 'Kingdom of Bhutan', '496e646570656e64656e74205374617465', NULL, NULL, 'Thimphu', '975', 'BT', 'BTN', '64', '.bt');
INSERT INTO country (id, common_name, formal_name, type, sub_type, sovereignty, capital, itu_t_telephone_code, iso3166_1_alpha_2_code, iso3166_1_alpha_3_code, iso3166_1_numeric_code, iana_country_code_top_level_domain) VALUES ('426f6c69766961', 'Bolivia', 'Republic of Bolivia', '496e646570656e64656e74205374617465', NULL, NULL, 'La Paz (administrative/legislative) and Sucre (judical)', '591', 'BO', 'BOL', '68', '.bo');
INSERT INTO country (id, common_name, formal_name, type, sub_type, sovereignty, capital, itu_t_telephone_code, iso3166_1_alpha_2_code, iso3166_1_alpha_3_code, iso3166_1_numeric_code, iana_country_code_top_level_domain) VALUES ('426f736e696120616e64204865727a65676f76696e61', 'Bosnia and Herzegovina', NULL, '496e646570656e64656e74205374617465', NULL, NULL, 'Sarajevo', '387', 'BA', 'BIH', '70', '.ba');
INSERT INTO country (id, common_name, formal_name, type, sub_type, sovereignty, capital, itu_t_telephone_code, iso3166_1_alpha_2_code, iso3166_1_alpha_3_code, iso3166_1_numeric_code, iana_country_code_top_level_domain) VALUES ('426f747377616e61', 'Botswana', 'Republic of Botswana', '496e646570656e64656e74205374617465', NULL, NULL, 'Gaborone', '267', 'BW', 'BWA', '72', '.bw');
INSERT INTO country (id, common_name, formal_name, type, sub_type, sovereignty, capital, itu_t_telephone_code, iso3166_1_alpha_2_code, iso3166_1_alpha_3_code, iso3166_1_numeric_code, iana_country_code_top_level_domain) VALUES ('4272617a696c', 'Brazil', 'Federative Republic of Brazil', '496e646570656e64656e74205374617465', NULL, NULL, 'Brasilia', '55', 'BR', 'BRA', '76', '.br');
INSERT INTO country (id, common_name, formal_name, type, sub_type, sovereignty, capital, itu_t_telephone_code, iso3166_1_alpha_2_code, iso3166_1_alpha_3_code, iso3166_1_numeric_code, iana_country_code_top_level_domain) VALUES ('4272756e6569', 'Brunei', 'Negara Brunei Darussalam', '496e646570656e64656e74205374617465', NULL, NULL, 'Bandar Seri Begawan', '673', 'BN', 'BRN', '96', '.bn');
INSERT INTO country (id, common_name, formal_name, type, sub_type, sovereignty, capital, itu_t_telephone_code, iso3166_1_alpha_2_code, iso3166_1_alpha_3_code, iso3166_1_numeric_code, iana_country_code_top_level_domain) VALUES ('42756c6761726961', 'Bulgaria', 'Republic of Bulgaria', '496e646570656e64656e74205374617465', NULL, NULL, 'Sofia', '359', 'BG', 'BGR', '100', '.bg');
INSERT INTO country (id, common_name, formal_name, type, sub_type, sovereignty, capital, itu_t_telephone_code, iso3166_1_alpha_2_code, iso3166_1_alpha_3_code, iso3166_1_numeric_code, iana_country_code_top_level_domain) VALUES ('4275726b696e61204661736f', 'Burkina Faso', NULL, '496e646570656e64656e74205374617465', NULL, NULL, 'Ouagadougou', '226', 'BF', 'BFA', '854', '.bf');
INSERT INTO country (id, common_name, formal_name, type, sub_type, sovereignty, capital, itu_t_telephone_code, iso3166_1_alpha_2_code, iso3166_1_alpha_3_code, iso3166_1_numeric_code, iana_country_code_top_level_domain) VALUES ('427572756e6469', 'Burundi', 'Republic of Burundi', '496e646570656e64656e74205374617465', NULL, NULL, 'Bujumbura', '257', 'BI', 'BDI', '108', '.bi');
INSERT INTO country (id, common_name, formal_name, type, sub_type, sovereignty, capital, itu_t_telephone_code, iso3166_1_alpha_2_code, iso3166_1_alpha_3_code, iso3166_1_numeric_code, iana_country_code_top_level_domain) VALUES ('43616d626f646961', 'Cambodia', 'Kingdom of Cambodia', '496e646570656e64656e74205374617465', NULL, NULL, 'Phnom Penh', '855', 'KH', 'KHM', '116', '.kh');
INSERT INTO country (id, common_name, formal_name, type, sub_type, sovereignty, capital, itu_t_telephone_code, iso3166_1_alpha_2_code, iso3166_1_alpha_3_code, iso3166_1_numeric_code, iana_country_code_top_level_domain) VALUES ('43616d65726f6f6e', 'Cameroon', 'Republic of Cameroon', '496e646570656e64656e74205374617465', NULL, NULL, 'Yaounde', '237', 'CM', 'CMR', '120', '.cm');
INSERT INTO country (id, common_name, formal_name, type, sub_type, sovereignty, capital, itu_t_telephone_code, iso3166_1_alpha_2_code, iso3166_1_alpha_3_code, iso3166_1_numeric_code, iana_country_code_top_level_domain) VALUES ('43616e616461', 'Canada', NULL, '496e646570656e64656e74205374617465', NULL, NULL, 'Ottawa', '1', 'CA', 'CAN', '124', '.ca');
INSERT INTO country (id, common_name, formal_name, type, sub_type, sovereignty, capital, itu_t_telephone_code, iso3166_1_alpha_2_code, iso3166_1_alpha_3_code, iso3166_1_numeric_code, iana_country_code_top_level_domain) VALUES ('43617065205665726465', 'Cape Verde', 'Republic of Cape Verde', '496e646570656e64656e74205374617465', NULL, NULL, 'Praia', '238', 'CV', 'CPV', '132', '.cv');
INSERT INTO country (id, common_name, formal_name, type, sub_type, sovereignty, capital, itu_t_telephone_code, iso3166_1_alpha_2_code, iso3166_1_alpha_3_code, iso3166_1_numeric_code, iana_country_code_top_level_domain) VALUES ('43656e7472616c204166726963616e2052657075626c6963', 'Central African Republic', NULL, '496e646570656e64656e74205374617465', NULL, NULL, 'Bangui', '236', 'CF', 'CAF', '140', '.cf');
INSERT INTO country (id, common_name, formal_name, type, sub_type, sovereignty, capital, itu_t_telephone_code, iso3166_1_alpha_2_code, iso3166_1_alpha_3_code, iso3166_1_numeric_code, iana_country_code_top_level_domain) VALUES ('43686164', 'Chad', 'Republic of Chad', '496e646570656e64656e74205374617465', NULL, NULL, 'N''Djamena', '235', 'TD', 'TCD', '148', '.td');
INSERT INTO country (id, common_name, formal_name, type, sub_type, sovereignty, capital, itu_t_telephone_code, iso3166_1_alpha_2_code, iso3166_1_alpha_3_code, iso3166_1_numeric_code, iana_country_code_top_level_domain) VALUES ('4368696c65', 'Chile', 'Republic of Chile', '496e646570656e64656e74205374617465', NULL, NULL, 'Santiago (administrative/judical) and Valparaiso (legislative)', '56', 'CL', 'CHL', '152', '.cl');
INSERT INTO country (id, common_name, formal_name, type, sub_type, sovereignty, capital, itu_t_telephone_code, iso3166_1_alpha_2_code, iso3166_1_alpha_3_code, iso3166_1_numeric_code, iana_country_code_top_level_domain) VALUES ('4368696e612c2050656f706c6527732052657075626c6963206f66', 'China, People''s Republic of', 'People''s Republic of China', '496e646570656e64656e74205374617465', NULL, NULL, 'Beijing', '86', 'CN', 'CHN', '156', '.cn');
INSERT INTO country (id, common_name, formal_name, type, sub_type, sovereignty, capital, itu_t_telephone_code, iso3166_1_alpha_2_code, iso3166_1_alpha_3_code, iso3166_1_numeric_code, iana_country_code_top_level_domain) VALUES ('436f6c6f6d626961', 'Colombia', 'Republic of Colombia', '496e646570656e64656e74205374617465', NULL, NULL, 'Bogota', '57', 'CO', 'COL', '170', '.co');
INSERT INTO country (id, common_name, formal_name, type, sub_type, sovereignty, capital, itu_t_telephone_code, iso3166_1_alpha_2_code, iso3166_1_alpha_3_code, iso3166_1_numeric_code, iana_country_code_top_level_domain) VALUES ('436f6d6f726f73', 'Comoros', 'Union of Comoros', '496e646570656e64656e74205374617465', NULL, NULL, 'Moroni', '269', 'KM', 'COM', '174', '.km');
INSERT INTO country (id, common_name, formal_name, type, sub_type, sovereignty, capital, itu_t_telephone_code, iso3166_1_alpha_2_code, iso3166_1_alpha_3_code, iso3166_1_numeric_code, iana_country_code_top_level_domain) VALUES ('436f6e676f2c2028436f6e676f20efbfbd204b696e736861736129', 'Congo, (Congo  Kinshasa)', 'Democratic Republic of the Congo', '496e646570656e64656e74205374617465', NULL, NULL, 'Kinshasa', '243', 'CD', 'COD', '180', '.cd');
INSERT INTO country (id, common_name, formal_name, type, sub_type, sovereignty, capital, itu_t_telephone_code, iso3166_1_alpha_2_code, iso3166_1_alpha_3_code, iso3166_1_numeric_code, iana_country_code_top_level_domain) VALUES ('436f6e676f2c2028436f6e676f20efbfbd204272617a7a6176696c6c6529', 'Congo, (Congo  Brazzaville)', 'Republic of the Congo', '496e646570656e64656e74205374617465', NULL, NULL, 'Brazzaville', '242', 'CG', 'COG', '178', '.cg');
INSERT INTO country (id, common_name, formal_name, type, sub_type, sovereignty, capital, itu_t_telephone_code, iso3166_1_alpha_2_code, iso3166_1_alpha_3_code, iso3166_1_numeric_code, iana_country_code_top_level_domain) VALUES ('436f7374612052696361', 'Costa Rica', 'Republic of Costa Rica', '496e646570656e64656e74205374617465', NULL, NULL, 'San Jose', '506', 'CR', 'CRI', '188', '.cr');
INSERT INTO country (id, common_name, formal_name, type, sub_type, sovereignty, capital, itu_t_telephone_code, iso3166_1_alpha_2_code, iso3166_1_alpha_3_code, iso3166_1_numeric_code, iana_country_code_top_level_domain) VALUES ('436f746520642749766f697265202849766f727920436f61737429', 'Cote d''Ivoire (Ivory Coast)', 'Republic of Cote d''Ivoire', '496e646570656e64656e74205374617465', NULL, NULL, 'Yamoussoukro', '225', 'CI', 'CIV', '384', '.ci');
INSERT INTO country (id, common_name, formal_name, type, sub_type, sovereignty, capital, itu_t_telephone_code, iso3166_1_alpha_2_code, iso3166_1_alpha_3_code, iso3166_1_numeric_code, iana_country_code_top_level_domain) VALUES ('43726f61746961', 'Croatia', 'Republic of Croatia', '496e646570656e64656e74205374617465', NULL, NULL, 'Zagreb', '385', 'HR', 'HRV', '191', '.hr');
INSERT INTO country (id, common_name, formal_name, type, sub_type, sovereignty, capital, itu_t_telephone_code, iso3166_1_alpha_2_code, iso3166_1_alpha_3_code, iso3166_1_numeric_code, iana_country_code_top_level_domain) VALUES ('43756261', 'Cuba', 'Republic of Cuba', '496e646570656e64656e74205374617465', NULL, NULL, 'Havana', '53', 'CU', 'CUB', '192', '.cu');
INSERT INTO country (id, common_name, formal_name, type, sub_type, sovereignty, capital, itu_t_telephone_code, iso3166_1_alpha_2_code, iso3166_1_alpha_3_code, iso3166_1_numeric_code, iana_country_code_top_level_domain) VALUES ('437970727573', 'Cyprus', 'Republic of Cyprus', '496e646570656e64656e74205374617465', NULL, NULL, 'Nicosia', '357', 'CY', 'CYP', '196', '.cy');
INSERT INTO country (id, common_name, formal_name, type, sub_type, sovereignty, capital, itu_t_telephone_code, iso3166_1_alpha_2_code, iso3166_1_alpha_3_code, iso3166_1_numeric_code, iana_country_code_top_level_domain) VALUES ('437a6563682052657075626c6963', 'Czech Republic', NULL, '496e646570656e64656e74205374617465', NULL, NULL, 'Prague', '420', 'CZ', 'CZE', '203', '.cz');
INSERT INTO country (id, common_name, formal_name, type, sub_type, sovereignty, capital, itu_t_telephone_code, iso3166_1_alpha_2_code, iso3166_1_alpha_3_code, iso3166_1_numeric_code, iana_country_code_top_level_domain) VALUES ('44656e6d61726b', 'Denmark', 'Kingdom of Denmark', '496e646570656e64656e74205374617465', NULL, NULL, 'Copenhagen', '45', 'DK', 'DNK', '208', '.dk');
INSERT INTO country (id, common_name, formal_name, type, sub_type, sovereignty, capital, itu_t_telephone_code, iso3166_1_alpha_2_code, iso3166_1_alpha_3_code, iso3166_1_numeric_code, iana_country_code_top_level_domain) VALUES ('446a69626f757469', 'Djibouti', 'Republic of Djibouti', '496e646570656e64656e74205374617465', NULL, NULL, 'Djibouti', '253', 'DJ', 'DJI', '262', '.dj');
INSERT INTO country (id, common_name, formal_name, type, sub_type, sovereignty, capital, itu_t_telephone_code, iso3166_1_alpha_2_code, iso3166_1_alpha_3_code, iso3166_1_numeric_code, iana_country_code_top_level_domain) VALUES ('446f6d696e696361', 'Dominica', 'Commonwealth of Dominica', '496e646570656e64656e74205374617465', NULL, NULL, 'Roseau', '-766', 'DM', 'DMA', '212', '.dm');
INSERT INTO country (id, common_name, formal_name, type, sub_type, sovereignty, capital, itu_t_telephone_code, iso3166_1_alpha_2_code, iso3166_1_alpha_3_code, iso3166_1_numeric_code, iana_country_code_top_level_domain) VALUES ('446f6d696e6963616e2052657075626c6963', 'Dominican Republic', NULL, '496e646570656e64656e74205374617465', NULL, NULL, 'Santo Domingo', '+1-809 and 1-829', 'DO', 'DOM', '214', '.do');
INSERT INTO country (id, common_name, formal_name, type, sub_type, sovereignty, capital, itu_t_telephone_code, iso3166_1_alpha_2_code, iso3166_1_alpha_3_code, iso3166_1_numeric_code, iana_country_code_top_level_domain) VALUES ('45637561646f72', 'Ecuador', 'Republic of Ecuador', '496e646570656e64656e74205374617465', NULL, NULL, 'Quito', '593', 'EC', 'ECU', '218', '.ec');
INSERT INTO country (id, common_name, formal_name, type, sub_type, sovereignty, capital, itu_t_telephone_code, iso3166_1_alpha_2_code, iso3166_1_alpha_3_code, iso3166_1_numeric_code, iana_country_code_top_level_domain) VALUES ('4567797074', 'Egypt', 'Arab Republic of Egypt', '496e646570656e64656e74205374617465', NULL, NULL, 'Cairo', '20', 'EG', 'EGY', '818', '.eg');
INSERT INTO country (id, common_name, formal_name, type, sub_type, sovereignty, capital, itu_t_telephone_code, iso3166_1_alpha_2_code, iso3166_1_alpha_3_code, iso3166_1_numeric_code, iana_country_code_top_level_domain) VALUES ('456c2053616c7661646f72', 'El Salvador', 'Republic of El Salvador', '496e646570656e64656e74205374617465', NULL, NULL, 'San Salvador', '503', 'SV', 'SLV', '222', '.sv');
INSERT INTO country (id, common_name, formal_name, type, sub_type, sovereignty, capital, itu_t_telephone_code, iso3166_1_alpha_2_code, iso3166_1_alpha_3_code, iso3166_1_numeric_code, iana_country_code_top_level_domain) VALUES ('45717561746f7269616c204775696e6561', 'Equatorial Guinea', 'Republic of Equatorial Guinea', '496e646570656e64656e74205374617465', NULL, NULL, 'Malabo', '240', 'GQ', 'GNQ', '226', '.gq');
INSERT INTO country (id, common_name, formal_name, type, sub_type, sovereignty, capital, itu_t_telephone_code, iso3166_1_alpha_2_code, iso3166_1_alpha_3_code, iso3166_1_numeric_code, iana_country_code_top_level_domain) VALUES ('45726974726561', 'Eritrea', 'State of Eritrea', '496e646570656e64656e74205374617465', NULL, NULL, 'Asmara', '291', 'ER', 'ERI', '232', '.er');
INSERT INTO country (id, common_name, formal_name, type, sub_type, sovereignty, capital, itu_t_telephone_code, iso3166_1_alpha_2_code, iso3166_1_alpha_3_code, iso3166_1_numeric_code, iana_country_code_top_level_domain) VALUES ('4573746f6e6961', 'Estonia', 'Republic of Estonia', '496e646570656e64656e74205374617465', NULL, NULL, 'Tallinn', '372', 'EE', 'EST', '233', '.ee');
INSERT INTO country (id, common_name, formal_name, type, sub_type, sovereignty, capital, itu_t_telephone_code, iso3166_1_alpha_2_code, iso3166_1_alpha_3_code, iso3166_1_numeric_code, iana_country_code_top_level_domain) VALUES ('457468696f706961', 'Ethiopia', 'Federal Democratic Republic of Ethiopia', '496e646570656e64656e74205374617465', NULL, NULL, 'Addis Ababa', '251', 'ET', 'ETH', '231', '.et');
INSERT INTO country (id, common_name, formal_name, type, sub_type, sovereignty, capital, itu_t_telephone_code, iso3166_1_alpha_2_code, iso3166_1_alpha_3_code, iso3166_1_numeric_code, iana_country_code_top_level_domain) VALUES ('46696a69', 'Fiji', 'Republic of the Fiji Islands', '496e646570656e64656e74205374617465', NULL, NULL, 'Suva', '679', 'FJ', 'FJI', '242', '.fj');
INSERT INTO country (id, common_name, formal_name, type, sub_type, sovereignty, capital, itu_t_telephone_code, iso3166_1_alpha_2_code, iso3166_1_alpha_3_code, iso3166_1_numeric_code, iana_country_code_top_level_domain) VALUES ('46696e6c616e64', 'Finland', 'Republic of Finland', '496e646570656e64656e74205374617465', NULL, NULL, 'Helsinki', '358', 'FI', 'FIN', '246', '.fi');
INSERT INTO country (id, common_name, formal_name, type, sub_type, sovereignty, capital, itu_t_telephone_code, iso3166_1_alpha_2_code, iso3166_1_alpha_3_code, iso3166_1_numeric_code, iana_country_code_top_level_domain) VALUES ('4672616e6365', 'France', 'French Republic', '496e646570656e64656e74205374617465', NULL, NULL, 'Paris', '33', 'FR', 'FRA', '250', '.fr');
INSERT INTO country (id, common_name, formal_name, type, sub_type, sovereignty, capital, itu_t_telephone_code, iso3166_1_alpha_2_code, iso3166_1_alpha_3_code, iso3166_1_numeric_code, iana_country_code_top_level_domain) VALUES ('4761626f6e', 'Gabon', 'Gabonese Republic', '496e646570656e64656e74205374617465', NULL, NULL, 'Libreville', '241', 'GA', 'GAB', '266', '.ga');
INSERT INTO country (id, common_name, formal_name, type, sub_type, sovereignty, capital, itu_t_telephone_code, iso3166_1_alpha_2_code, iso3166_1_alpha_3_code, iso3166_1_numeric_code, iana_country_code_top_level_domain) VALUES ('47616d6269612c20546865', 'Gambia, The', 'Republic of The Gambia', '496e646570656e64656e74205374617465', NULL, NULL, 'Banjul', '220', 'GM', 'GMB', '270', '.gm');
INSERT INTO country (id, common_name, formal_name, type, sub_type, sovereignty, capital, itu_t_telephone_code, iso3166_1_alpha_2_code, iso3166_1_alpha_3_code, iso3166_1_numeric_code, iana_country_code_top_level_domain) VALUES ('47656f72676961', 'Georgia', 'Republic of Georgia', '496e646570656e64656e74205374617465', NULL, NULL, 'Tbilisi', '995', 'GE', 'GEO', '268', '.ge');
INSERT INTO country (id, common_name, formal_name, type, sub_type, sovereignty, capital, itu_t_telephone_code, iso3166_1_alpha_2_code, iso3166_1_alpha_3_code, iso3166_1_numeric_code, iana_country_code_top_level_domain) VALUES ('4765726d616e79', 'Germany', 'Federal Republic of Germany', '496e646570656e64656e74205374617465', NULL, NULL, 'Berlin', '49', 'DE', 'DEU', '276', '.de');
INSERT INTO country (id, common_name, formal_name, type, sub_type, sovereignty, capital, itu_t_telephone_code, iso3166_1_alpha_2_code, iso3166_1_alpha_3_code, iso3166_1_numeric_code, iana_country_code_top_level_domain) VALUES ('4768616e61', 'Ghana', 'Republic of Ghana', '496e646570656e64656e74205374617465', NULL, NULL, 'Accra', '233', 'GH', 'GHA', '288', '.gh');
INSERT INTO country (id, common_name, formal_name, type, sub_type, sovereignty, capital, itu_t_telephone_code, iso3166_1_alpha_2_code, iso3166_1_alpha_3_code, iso3166_1_numeric_code, iana_country_code_top_level_domain) VALUES ('477265656365', 'Greece', 'Hellenic Republic', '496e646570656e64656e74205374617465', NULL, NULL, 'Athens', '30', 'GR', 'GRC', '300', '.gr');
INSERT INTO country (id, common_name, formal_name, type, sub_type, sovereignty, capital, itu_t_telephone_code, iso3166_1_alpha_2_code, iso3166_1_alpha_3_code, iso3166_1_numeric_code, iana_country_code_top_level_domain) VALUES ('4772656e616461', 'Grenada', NULL, '496e646570656e64656e74205374617465', NULL, NULL, 'Saint George''s', '-472', 'GD', 'GRD', '308', '.gd');
INSERT INTO country (id, common_name, formal_name, type, sub_type, sovereignty, capital, itu_t_telephone_code, iso3166_1_alpha_2_code, iso3166_1_alpha_3_code, iso3166_1_numeric_code, iana_country_code_top_level_domain) VALUES ('47756174656d616c61', 'Guatemala', 'Republic of Guatemala', '496e646570656e64656e74205374617465', NULL, NULL, 'Guatemala', '502', 'GT', 'GTM', '320', '.gt');
INSERT INTO country (id, common_name, formal_name, type, sub_type, sovereignty, capital, itu_t_telephone_code, iso3166_1_alpha_2_code, iso3166_1_alpha_3_code, iso3166_1_numeric_code, iana_country_code_top_level_domain) VALUES ('4775696e6561', 'Guinea', 'Republic of Guinea', '496e646570656e64656e74205374617465', NULL, NULL, 'Conakry', '224', 'GN', 'GIN', '324', '.gn');
INSERT INTO country (id, common_name, formal_name, type, sub_type, sovereignty, capital, itu_t_telephone_code, iso3166_1_alpha_2_code, iso3166_1_alpha_3_code, iso3166_1_numeric_code, iana_country_code_top_level_domain) VALUES ('4775696e65612d426973736175', 'Guinea-Bissau', 'Republic of Guinea-Bissau', '496e646570656e64656e74205374617465', NULL, NULL, 'Bissau', '245', 'GW', 'GNB', '624', '.gw');
INSERT INTO country (id, common_name, formal_name, type, sub_type, sovereignty, capital, itu_t_telephone_code, iso3166_1_alpha_2_code, iso3166_1_alpha_3_code, iso3166_1_numeric_code, iana_country_code_top_level_domain) VALUES ('477579616e61', 'Guyana', 'Co-operative Republic of Guyana', '496e646570656e64656e74205374617465', NULL, NULL, 'Georgetown', '592', 'GY', 'GUY', '328', '.gy');
INSERT INTO country (id, common_name, formal_name, type, sub_type, sovereignty, capital, itu_t_telephone_code, iso3166_1_alpha_2_code, iso3166_1_alpha_3_code, iso3166_1_numeric_code, iana_country_code_top_level_domain) VALUES ('4861697469', 'Haiti', 'Republic of Haiti', '496e646570656e64656e74205374617465', NULL, NULL, 'Port-au-Prince', '509', 'HT', 'HTI', '332', '.ht');
INSERT INTO country (id, common_name, formal_name, type, sub_type, sovereignty, capital, itu_t_telephone_code, iso3166_1_alpha_2_code, iso3166_1_alpha_3_code, iso3166_1_numeric_code, iana_country_code_top_level_domain) VALUES ('486f6e6475726173', 'Honduras', 'Republic of Honduras', '496e646570656e64656e74205374617465', NULL, NULL, 'Tegucigalpa', '504', 'HN', 'HND', '340', '.hn');
INSERT INTO country (id, common_name, formal_name, type, sub_type, sovereignty, capital, itu_t_telephone_code, iso3166_1_alpha_2_code, iso3166_1_alpha_3_code, iso3166_1_numeric_code, iana_country_code_top_level_domain) VALUES ('48756e67617279', 'Hungary', 'Republic of Hungary', '496e646570656e64656e74205374617465', NULL, NULL, 'Budapest', '36', 'HU', 'HUN', '348', '.hu');
INSERT INTO country (id, common_name, formal_name, type, sub_type, sovereignty, capital, itu_t_telephone_code, iso3166_1_alpha_2_code, iso3166_1_alpha_3_code, iso3166_1_numeric_code, iana_country_code_top_level_domain) VALUES ('4963656c616e64', 'Iceland', 'Republic of Iceland', '496e646570656e64656e74205374617465', NULL, NULL, 'Reykjavik', '354', 'IS', 'ISL', '352', '.is');
INSERT INTO country (id, common_name, formal_name, type, sub_type, sovereignty, capital, itu_t_telephone_code, iso3166_1_alpha_2_code, iso3166_1_alpha_3_code, iso3166_1_numeric_code, iana_country_code_top_level_domain) VALUES ('496e646961', 'India', 'Republic of India', '496e646570656e64656e74205374617465', NULL, NULL, 'New Delhi', '91', 'IN', 'IND', '356', '.in');
INSERT INTO country (id, common_name, formal_name, type, sub_type, sovereignty, capital, itu_t_telephone_code, iso3166_1_alpha_2_code, iso3166_1_alpha_3_code, iso3166_1_numeric_code, iana_country_code_top_level_domain) VALUES ('496e646f6e65736961', 'Indonesia', 'Republic of Indonesia', '496e646570656e64656e74205374617465', NULL, NULL, 'Jakarta', '62', 'ID', 'IDN', '360', '.id');
INSERT INTO country (id, common_name, formal_name, type, sub_type, sovereignty, capital, itu_t_telephone_code, iso3166_1_alpha_2_code, iso3166_1_alpha_3_code, iso3166_1_numeric_code, iana_country_code_top_level_domain) VALUES ('4972616e', 'Iran', 'Islamic Republic of Iran', '496e646570656e64656e74205374617465', NULL, NULL, 'Tehran', '98', 'IR', 'IRN', '364', '.ir');
INSERT INTO country (id, common_name, formal_name, type, sub_type, sovereignty, capital, itu_t_telephone_code, iso3166_1_alpha_2_code, iso3166_1_alpha_3_code, iso3166_1_numeric_code, iana_country_code_top_level_domain) VALUES ('49726171', 'Iraq', 'Republic of Iraq', '496e646570656e64656e74205374617465', NULL, NULL, 'Baghdad', '964', 'IQ', 'IRQ', '368', '.iq');
INSERT INTO country (id, common_name, formal_name, type, sub_type, sovereignty, capital, itu_t_telephone_code, iso3166_1_alpha_2_code, iso3166_1_alpha_3_code, iso3166_1_numeric_code, iana_country_code_top_level_domain) VALUES ('4972656c616e64', 'Ireland', NULL, '496e646570656e64656e74205374617465', NULL, NULL, 'Dublin', '353', 'IE', 'IRL', '372', '.ie');
INSERT INTO country (id, common_name, formal_name, type, sub_type, sovereignty, capital, itu_t_telephone_code, iso3166_1_alpha_2_code, iso3166_1_alpha_3_code, iso3166_1_numeric_code, iana_country_code_top_level_domain) VALUES ('49737261656c', 'Israel', 'State of Israel', '496e646570656e64656e74205374617465', NULL, NULL, 'Jerusalem', '972', 'IL', 'ISR', '376', '.il');
INSERT INTO country (id, common_name, formal_name, type, sub_type, sovereignty, capital, itu_t_telephone_code, iso3166_1_alpha_2_code, iso3166_1_alpha_3_code, iso3166_1_numeric_code, iana_country_code_top_level_domain) VALUES ('4974616c79', 'Italy', 'Italian Republic', '496e646570656e64656e74205374617465', NULL, NULL, 'Rome', '39', 'IT', 'ITA', '380', '.it');
INSERT INTO country (id, common_name, formal_name, type, sub_type, sovereignty, capital, itu_t_telephone_code, iso3166_1_alpha_2_code, iso3166_1_alpha_3_code, iso3166_1_numeric_code, iana_country_code_top_level_domain) VALUES ('4a616d61696361', 'Jamaica', NULL, '496e646570656e64656e74205374617465', NULL, NULL, 'Kingston', '-875', 'JM', 'JAM', '388', '.jm');
INSERT INTO country (id, common_name, formal_name, type, sub_type, sovereignty, capital, itu_t_telephone_code, iso3166_1_alpha_2_code, iso3166_1_alpha_3_code, iso3166_1_numeric_code, iana_country_code_top_level_domain) VALUES ('4a6170616e', 'Japan', NULL, '496e646570656e64656e74205374617465', NULL, NULL, 'Tokyo', '81', 'JP', 'JPN', '392', '.jp');
INSERT INTO country (id, common_name, formal_name, type, sub_type, sovereignty, capital, itu_t_telephone_code, iso3166_1_alpha_2_code, iso3166_1_alpha_3_code, iso3166_1_numeric_code, iana_country_code_top_level_domain) VALUES ('4a6f7264616e', 'Jordan', 'Hashemite Kingdom of Jordan', '496e646570656e64656e74205374617465', NULL, NULL, 'Amman', '962', 'JO', 'JOR', '400', '.jo');
INSERT INTO country (id, common_name, formal_name, type, sub_type, sovereignty, capital, itu_t_telephone_code, iso3166_1_alpha_2_code, iso3166_1_alpha_3_code, iso3166_1_numeric_code, iana_country_code_top_level_domain) VALUES ('4b617a616b687374616e', 'Kazakhstan', 'Republic of Kazakhstan', '496e646570656e64656e74205374617465', NULL, NULL, 'Astana', '7', 'KZ', 'KAZ', '398', '.kz');
INSERT INTO country (id, common_name, formal_name, type, sub_type, sovereignty, capital, itu_t_telephone_code, iso3166_1_alpha_2_code, iso3166_1_alpha_3_code, iso3166_1_numeric_code, iana_country_code_top_level_domain) VALUES ('4b656e7961', 'Kenya', 'Republic of Kenya', '496e646570656e64656e74205374617465', NULL, NULL, 'Nairobi', '254', 'KE', 'KEN', '404', '.ke');
INSERT INTO country (id, common_name, formal_name, type, sub_type, sovereignty, capital, itu_t_telephone_code, iso3166_1_alpha_2_code, iso3166_1_alpha_3_code, iso3166_1_numeric_code, iana_country_code_top_level_domain) VALUES ('4b69726962617469', 'Kiribati', 'Republic of Kiribati', '496e646570656e64656e74205374617465', NULL, NULL, 'Tarawa', '686', 'KI', 'KIR', '296', '.ki');
INSERT INTO country (id, common_name, formal_name, type, sub_type, sovereignty, capital, itu_t_telephone_code, iso3166_1_alpha_2_code, iso3166_1_alpha_3_code, iso3166_1_numeric_code, iana_country_code_top_level_domain) VALUES ('4b6f7265612c204e6f727468', 'Korea, North', 'Democratic People''s Republic of Korea', '496e646570656e64656e74205374617465', NULL, NULL, 'Pyongyang', '850', 'KP', 'PRK', '408', '.kp');
INSERT INTO country (id, common_name, formal_name, type, sub_type, sovereignty, capital, itu_t_telephone_code, iso3166_1_alpha_2_code, iso3166_1_alpha_3_code, iso3166_1_numeric_code, iana_country_code_top_level_domain) VALUES ('4b6f7265612c20536f757468', 'Korea, South', 'Republic of Korea', '496e646570656e64656e74205374617465', NULL, NULL, 'Seoul', '82', 'KR', 'KOR', '410', '.kr');
INSERT INTO country (id, common_name, formal_name, type, sub_type, sovereignty, capital, itu_t_telephone_code, iso3166_1_alpha_2_code, iso3166_1_alpha_3_code, iso3166_1_numeric_code, iana_country_code_top_level_domain) VALUES ('4b7577616974', 'Kuwait', 'State of Kuwait', '496e646570656e64656e74205374617465', NULL, NULL, 'Kuwait', '965', 'KW', 'KWT', '414', '.kw');
INSERT INTO country (id, common_name, formal_name, type, sub_type, sovereignty, capital, itu_t_telephone_code, iso3166_1_alpha_2_code, iso3166_1_alpha_3_code, iso3166_1_numeric_code, iana_country_code_top_level_domain) VALUES ('4b797267797a7374616e', 'Kyrgyzstan', 'Kyrgyz Republic', '496e646570656e64656e74205374617465', NULL, NULL, 'Bishkek', '996', 'KG', 'KGZ', '417', '.kg');
INSERT INTO country (id, common_name, formal_name, type, sub_type, sovereignty, capital, itu_t_telephone_code, iso3166_1_alpha_2_code, iso3166_1_alpha_3_code, iso3166_1_numeric_code, iana_country_code_top_level_domain) VALUES ('4c616f73', 'Laos', 'Lao People''s Democratic Republic', '496e646570656e64656e74205374617465', NULL, NULL, 'Vientiane', '856', 'LA', 'LAO', '418', '.la');
INSERT INTO country (id, common_name, formal_name, type, sub_type, sovereignty, capital, itu_t_telephone_code, iso3166_1_alpha_2_code, iso3166_1_alpha_3_code, iso3166_1_numeric_code, iana_country_code_top_level_domain) VALUES ('4c6174766961', 'Latvia', 'Republic of Latvia', '496e646570656e64656e74205374617465', NULL, NULL, 'Riga', '371', 'LV', 'LVA', '428', '.lv');
INSERT INTO country (id, common_name, formal_name, type, sub_type, sovereignty, capital, itu_t_telephone_code, iso3166_1_alpha_2_code, iso3166_1_alpha_3_code, iso3166_1_numeric_code, iana_country_code_top_level_domain) VALUES ('4c6562616e6f6e', 'Lebanon', 'Lebanese Republic', '496e646570656e64656e74205374617465', NULL, NULL, 'Beirut', '961', 'LB', 'LBN', '422', '.lb');
INSERT INTO country (id, common_name, formal_name, type, sub_type, sovereignty, capital, itu_t_telephone_code, iso3166_1_alpha_2_code, iso3166_1_alpha_3_code, iso3166_1_numeric_code, iana_country_code_top_level_domain) VALUES ('4c65736f74686f', 'Lesotho', 'Kingdom of Lesotho', '496e646570656e64656e74205374617465', NULL, NULL, 'Maseru', '266', 'LS', 'LSO', '426', '.ls');
INSERT INTO country (id, common_name, formal_name, type, sub_type, sovereignty, capital, itu_t_telephone_code, iso3166_1_alpha_2_code, iso3166_1_alpha_3_code, iso3166_1_numeric_code, iana_country_code_top_level_domain) VALUES ('4c696265726961', 'Liberia', 'Republic of Liberia', '496e646570656e64656e74205374617465', NULL, NULL, 'Monrovia', '231', 'LR', 'LBR', '430', '.lr');
INSERT INTO country (id, common_name, formal_name, type, sub_type, sovereignty, capital, itu_t_telephone_code, iso3166_1_alpha_2_code, iso3166_1_alpha_3_code, iso3166_1_numeric_code, iana_country_code_top_level_domain) VALUES ('4c69627961', 'Libya', 'Great Socialist People''s Libyan Arab Jamahiriya', '496e646570656e64656e74205374617465', NULL, NULL, 'Tripoli', '218', 'LY', 'LBY', '434', '.ly');
INSERT INTO country (id, common_name, formal_name, type, sub_type, sovereignty, capital, itu_t_telephone_code, iso3166_1_alpha_2_code, iso3166_1_alpha_3_code, iso3166_1_numeric_code, iana_country_code_top_level_domain) VALUES ('4c6965636874656e737465696e', 'Liechtenstein', 'Principality of Liechtenstein', '496e646570656e64656e74205374617465', NULL, NULL, 'Vaduz', '423', 'LI', 'LIE', '438', '.li');
INSERT INTO country (id, common_name, formal_name, type, sub_type, sovereignty, capital, itu_t_telephone_code, iso3166_1_alpha_2_code, iso3166_1_alpha_3_code, iso3166_1_numeric_code, iana_country_code_top_level_domain) VALUES ('4c69746875616e6961', 'Lithuania', 'Republic of Lithuania', '496e646570656e64656e74205374617465', NULL, NULL, 'Vilnius', '370', 'LT', 'LTU', '440', '.lt');
INSERT INTO country (id, common_name, formal_name, type, sub_type, sovereignty, capital, itu_t_telephone_code, iso3166_1_alpha_2_code, iso3166_1_alpha_3_code, iso3166_1_numeric_code, iana_country_code_top_level_domain) VALUES ('4c7578656d626f757267', 'Luxembourg', 'Grand Duchy of Luxembourg', '496e646570656e64656e74205374617465', NULL, NULL, 'Luxembourg', '352', 'LU', 'LUX', '442', '.lu');
INSERT INTO country (id, common_name, formal_name, type, sub_type, sovereignty, capital, itu_t_telephone_code, iso3166_1_alpha_2_code, iso3166_1_alpha_3_code, iso3166_1_numeric_code, iana_country_code_top_level_domain) VALUES ('4d616365646f6e6961', 'Macedonia', 'Republic of Macedonia', '496e646570656e64656e74205374617465', NULL, NULL, 'Skopje', '389', 'MK', 'MKD', '807', '.mk');
INSERT INTO country (id, common_name, formal_name, type, sub_type, sovereignty, capital, itu_t_telephone_code, iso3166_1_alpha_2_code, iso3166_1_alpha_3_code, iso3166_1_numeric_code, iana_country_code_top_level_domain) VALUES ('4d616461676173636172', 'Madagascar', 'Republic of Madagascar', '496e646570656e64656e74205374617465', NULL, NULL, 'Antananarivo', '261', 'MG', 'MDG', '450', '.mg');
INSERT INTO country (id, common_name, formal_name, type, sub_type, sovereignty, capital, itu_t_telephone_code, iso3166_1_alpha_2_code, iso3166_1_alpha_3_code, iso3166_1_numeric_code, iana_country_code_top_level_domain) VALUES ('4d616c617769', 'Malawi', 'Republic of Malawi', '496e646570656e64656e74205374617465', NULL, NULL, 'Lilongwe', '265', 'MW', 'MWI', '454', '.mw');
INSERT INTO country (id, common_name, formal_name, type, sub_type, sovereignty, capital, itu_t_telephone_code, iso3166_1_alpha_2_code, iso3166_1_alpha_3_code, iso3166_1_numeric_code, iana_country_code_top_level_domain) VALUES ('4d616c6179736961', 'Malaysia', NULL, '496e646570656e64656e74205374617465', NULL, NULL, 'Kuala Lumpur (legislative/judical) and Putrajaya (administrative)', '60', 'MY', 'MYS', '458', '.my');
INSERT INTO country (id, common_name, formal_name, type, sub_type, sovereignty, capital, itu_t_telephone_code, iso3166_1_alpha_2_code, iso3166_1_alpha_3_code, iso3166_1_numeric_code, iana_country_code_top_level_domain) VALUES ('4d616c6469766573', 'Maldives', 'Republic of Maldives', '496e646570656e64656e74205374617465', NULL, NULL, 'Male', '960', 'MV', 'MDV', '462', '.mv');
INSERT INTO country (id, common_name, formal_name, type, sub_type, sovereignty, capital, itu_t_telephone_code, iso3166_1_alpha_2_code, iso3166_1_alpha_3_code, iso3166_1_numeric_code, iana_country_code_top_level_domain) VALUES ('4d616c69', 'Mali', 'Republic of Mali', '496e646570656e64656e74205374617465', NULL, NULL, 'Bamako', '223', 'ML', 'MLI', '466', '.ml');
INSERT INTO country (id, common_name, formal_name, type, sub_type, sovereignty, capital, itu_t_telephone_code, iso3166_1_alpha_2_code, iso3166_1_alpha_3_code, iso3166_1_numeric_code, iana_country_code_top_level_domain) VALUES ('4d616c7461', 'Malta', 'Republic of Malta', '496e646570656e64656e74205374617465', NULL, NULL, 'Valletta', '356', 'MT', 'MLT', '470', '.mt');
INSERT INTO country (id, common_name, formal_name, type, sub_type, sovereignty, capital, itu_t_telephone_code, iso3166_1_alpha_2_code, iso3166_1_alpha_3_code, iso3166_1_numeric_code, iana_country_code_top_level_domain) VALUES ('4d61727368616c6c2049736c616e6473', 'Marshall Islands', 'Republic of the Marshall Islands', '496e646570656e64656e74205374617465', NULL, NULL, 'Majuro', '692', 'MH', 'MHL', '584', '.mh');
INSERT INTO country (id, common_name, formal_name, type, sub_type, sovereignty, capital, itu_t_telephone_code, iso3166_1_alpha_2_code, iso3166_1_alpha_3_code, iso3166_1_numeric_code, iana_country_code_top_level_domain) VALUES ('4d6175726974616e6961', 'Mauritania', 'Islamic Republic of Mauritania', '496e646570656e64656e74205374617465', NULL, NULL, 'Nouakchott', '222', 'MR', 'MRT', '478', '.mr');
INSERT INTO country (id, common_name, formal_name, type, sub_type, sovereignty, capital, itu_t_telephone_code, iso3166_1_alpha_2_code, iso3166_1_alpha_3_code, iso3166_1_numeric_code, iana_country_code_top_level_domain) VALUES ('4d6175726974697573', 'Mauritius', 'Republic of Mauritius', '496e646570656e64656e74205374617465', NULL, NULL, 'Port Louis', '230', 'MU', 'MUS', '480', '.mu');
INSERT INTO country (id, common_name, formal_name, type, sub_type, sovereignty, capital, itu_t_telephone_code, iso3166_1_alpha_2_code, iso3166_1_alpha_3_code, iso3166_1_numeric_code, iana_country_code_top_level_domain) VALUES ('4d657869636f', 'Mexico', 'United Mexican States', '496e646570656e64656e74205374617465', NULL, NULL, 'Mexico', '52', 'MX', 'MEX', '484', '.mx');
INSERT INTO country (id, common_name, formal_name, type, sub_type, sovereignty, capital, itu_t_telephone_code, iso3166_1_alpha_2_code, iso3166_1_alpha_3_code, iso3166_1_numeric_code, iana_country_code_top_level_domain) VALUES ('4d6963726f6e65736961', 'Micronesia', 'Federated States of Micronesia', '496e646570656e64656e74205374617465', NULL, NULL, 'Palikir', '691', 'FM', 'FSM', '583', '.fm');
INSERT INTO country (id, common_name, formal_name, type, sub_type, sovereignty, capital, itu_t_telephone_code, iso3166_1_alpha_2_code, iso3166_1_alpha_3_code, iso3166_1_numeric_code, iana_country_code_top_level_domain) VALUES ('4d6f6c646f7661', 'Moldova', 'Republic of Moldova', '496e646570656e64656e74205374617465', NULL, NULL, 'Chisinau', '373', 'MD', 'MDA', '498', '.md');
INSERT INTO country (id, common_name, formal_name, type, sub_type, sovereignty, capital, itu_t_telephone_code, iso3166_1_alpha_2_code, iso3166_1_alpha_3_code, iso3166_1_numeric_code, iana_country_code_top_level_domain) VALUES ('4d6f6e61636f', 'Monaco', 'Principality of Monaco', '496e646570656e64656e74205374617465', NULL, NULL, 'Monaco', '377', 'MC', 'MCO', '492', '.mc');
INSERT INTO country (id, common_name, formal_name, type, sub_type, sovereignty, capital, itu_t_telephone_code, iso3166_1_alpha_2_code, iso3166_1_alpha_3_code, iso3166_1_numeric_code, iana_country_code_top_level_domain) VALUES ('4d6f6e676f6c6961', 'Mongolia', NULL, '496e646570656e64656e74205374617465', NULL, NULL, 'Ulaanbaatar', '976', 'MN', 'MNG', '496', '.mn');
INSERT INTO country (id, common_name, formal_name, type, sub_type, sovereignty, capital, itu_t_telephone_code, iso3166_1_alpha_2_code, iso3166_1_alpha_3_code, iso3166_1_numeric_code, iana_country_code_top_level_domain) VALUES ('4d6f6e74656e6567726f', 'Montenegro', 'Republic of Montenegro', '496e646570656e64656e74205374617465', NULL, NULL, 'Podgorica', '382', 'ME', 'MNE', '499', '.me and .yu');
INSERT INTO country (id, common_name, formal_name, type, sub_type, sovereignty, capital, itu_t_telephone_code, iso3166_1_alpha_2_code, iso3166_1_alpha_3_code, iso3166_1_numeric_code, iana_country_code_top_level_domain) VALUES ('4d6f726f63636f', 'Morocco', 'Kingdom of Morocco', '496e646570656e64656e74205374617465', NULL, NULL, 'Rabat', '212', 'MA', 'MAR', '504', '.ma');
INSERT INTO country (id, common_name, formal_name, type, sub_type, sovereignty, capital, itu_t_telephone_code, iso3166_1_alpha_2_code, iso3166_1_alpha_3_code, iso3166_1_numeric_code, iana_country_code_top_level_domain) VALUES ('4d6f7a616d6269717565', 'Mozambique', 'Republic of Mozambique', '496e646570656e64656e74205374617465', NULL, NULL, 'Maputo', '258', 'MZ', 'MOZ', '508', '.mz');
INSERT INTO country (id, common_name, formal_name, type, sub_type, sovereignty, capital, itu_t_telephone_code, iso3166_1_alpha_2_code, iso3166_1_alpha_3_code, iso3166_1_numeric_code, iana_country_code_top_level_domain) VALUES ('4d79616e6d617220284275726d6129', 'Myanmar (Burma)', 'Union of Myanmar', '496e646570656e64656e74205374617465', NULL, NULL, 'Naypyidaw', '95', 'MM', 'MMR', '104', '.mm');
INSERT INTO country (id, common_name, formal_name, type, sub_type, sovereignty, capital, itu_t_telephone_code, iso3166_1_alpha_2_code, iso3166_1_alpha_3_code, iso3166_1_numeric_code, iana_country_code_top_level_domain) VALUES ('4e616d69626961', 'Namibia', 'Republic of Namibia', '496e646570656e64656e74205374617465', NULL, NULL, 'Windhoek', '264', 'NA', 'NAM', '516', '.na');
INSERT INTO country (id, common_name, formal_name, type, sub_type, sovereignty, capital, itu_t_telephone_code, iso3166_1_alpha_2_code, iso3166_1_alpha_3_code, iso3166_1_numeric_code, iana_country_code_top_level_domain) VALUES ('4e61757275', 'Nauru', 'Republic of Nauru', '496e646570656e64656e74205374617465', NULL, NULL, 'Yaren', '674', 'NR', 'NRU', '520', '.nr');
INSERT INTO country (id, common_name, formal_name, type, sub_type, sovereignty, capital, itu_t_telephone_code, iso3166_1_alpha_2_code, iso3166_1_alpha_3_code, iso3166_1_numeric_code, iana_country_code_top_level_domain) VALUES ('4e6570616c', 'Nepal', NULL, '496e646570656e64656e74205374617465', NULL, NULL, 'Kathmandu', '977', 'NP', 'NPL', '524', '.np');
INSERT INTO country (id, common_name, formal_name, type, sub_type, sovereignty, capital, itu_t_telephone_code, iso3166_1_alpha_2_code, iso3166_1_alpha_3_code, iso3166_1_numeric_code, iana_country_code_top_level_domain) VALUES ('4e65746865726c616e6473', 'Netherlands', 'Kingdom of the Netherlands', '496e646570656e64656e74205374617465', NULL, NULL, 'Amsterdam (administrative) and The Hague (legislative/judical)', '31', 'NL', 'NLD', '528', '.nl');
INSERT INTO country (id, common_name, formal_name, type, sub_type, sovereignty, capital, itu_t_telephone_code, iso3166_1_alpha_2_code, iso3166_1_alpha_3_code, iso3166_1_numeric_code, iana_country_code_top_level_domain) VALUES ('4e6577205a65616c616e64', 'New Zealand', NULL, '496e646570656e64656e74205374617465', NULL, NULL, 'Wellington', '64', 'NZ', 'NZL', '554', '.nz');
INSERT INTO country (id, common_name, formal_name, type, sub_type, sovereignty, capital, itu_t_telephone_code, iso3166_1_alpha_2_code, iso3166_1_alpha_3_code, iso3166_1_numeric_code, iana_country_code_top_level_domain) VALUES ('4e6963617261677561', 'Nicaragua', 'Republic of Nicaragua', '496e646570656e64656e74205374617465', NULL, NULL, 'Managua', '505', 'NI', 'NIC', '558', '.ni');
INSERT INTO country (id, common_name, formal_name, type, sub_type, sovereignty, capital, itu_t_telephone_code, iso3166_1_alpha_2_code, iso3166_1_alpha_3_code, iso3166_1_numeric_code, iana_country_code_top_level_domain) VALUES ('4e69676572', 'Niger', 'Republic of Niger', '496e646570656e64656e74205374617465', NULL, NULL, 'Niamey', '227', 'NE', 'NER', '562', '.ne');
INSERT INTO country (id, common_name, formal_name, type, sub_type, sovereignty, capital, itu_t_telephone_code, iso3166_1_alpha_2_code, iso3166_1_alpha_3_code, iso3166_1_numeric_code, iana_country_code_top_level_domain) VALUES ('4e696765726961', 'Nigeria', 'Federal Republic of Nigeria', '496e646570656e64656e74205374617465', NULL, NULL, 'Abuja', '234', 'NG', 'NGA', '566', '.ng');
INSERT INTO country (id, common_name, formal_name, type, sub_type, sovereignty, capital, itu_t_telephone_code, iso3166_1_alpha_2_code, iso3166_1_alpha_3_code, iso3166_1_numeric_code, iana_country_code_top_level_domain) VALUES ('4e6f72776179', 'Norway', 'Kingdom of Norway', '496e646570656e64656e74205374617465', NULL, NULL, 'Oslo', '47', 'NO', 'NOR', '578', '.no');
INSERT INTO country (id, common_name, formal_name, type, sub_type, sovereignty, capital, itu_t_telephone_code, iso3166_1_alpha_2_code, iso3166_1_alpha_3_code, iso3166_1_numeric_code, iana_country_code_top_level_domain) VALUES ('4f6d616e', 'Oman', 'Sultanate of Oman', '496e646570656e64656e74205374617465', NULL, NULL, 'Muscat', '968', 'OM', 'OMN', '512', '.om');
INSERT INTO country (id, common_name, formal_name, type, sub_type, sovereignty, capital, itu_t_telephone_code, iso3166_1_alpha_2_code, iso3166_1_alpha_3_code, iso3166_1_numeric_code, iana_country_code_top_level_domain) VALUES ('50616b697374616e', 'Pakistan', 'Islamic Republic of Pakistan', '496e646570656e64656e74205374617465', NULL, NULL, 'Islamabad', '92', 'PK', 'PAK', '586', '.pk');
INSERT INTO country (id, common_name, formal_name, type, sub_type, sovereignty, capital, itu_t_telephone_code, iso3166_1_alpha_2_code, iso3166_1_alpha_3_code, iso3166_1_numeric_code, iana_country_code_top_level_domain) VALUES ('50616c6175', 'Palau', 'Republic of Palau', '496e646570656e64656e74205374617465', NULL, NULL, 'Melekeok', '680', 'PW', 'PLW', '585', '.pw');
INSERT INTO country (id, common_name, formal_name, type, sub_type, sovereignty, capital, itu_t_telephone_code, iso3166_1_alpha_2_code, iso3166_1_alpha_3_code, iso3166_1_numeric_code, iana_country_code_top_level_domain) VALUES ('50616e616d61', 'Panama', 'Republic of Panama', '496e646570656e64656e74205374617465', NULL, NULL, 'Panama', '507', 'PA', 'PAN', '591', '.pa');
INSERT INTO country (id, common_name, formal_name, type, sub_type, sovereignty, capital, itu_t_telephone_code, iso3166_1_alpha_2_code, iso3166_1_alpha_3_code, iso3166_1_numeric_code, iana_country_code_top_level_domain) VALUES ('5061707561204e6577204775696e6561', 'Papua New Guinea', 'Independent State of Papua New Guinea', '496e646570656e64656e74205374617465', NULL, NULL, 'Port Moresby', '675', 'PG', 'PNG', '598', '.pg');
INSERT INTO country (id, common_name, formal_name, type, sub_type, sovereignty, capital, itu_t_telephone_code, iso3166_1_alpha_2_code, iso3166_1_alpha_3_code, iso3166_1_numeric_code, iana_country_code_top_level_domain) VALUES ('5061726167756179', 'Paraguay', 'Republic of Paraguay', '496e646570656e64656e74205374617465', NULL, NULL, 'Asuncion', '595', 'PY', 'PRY', '600', '.py');
INSERT INTO country (id, common_name, formal_name, type, sub_type, sovereignty, capital, itu_t_telephone_code, iso3166_1_alpha_2_code, iso3166_1_alpha_3_code, iso3166_1_numeric_code, iana_country_code_top_level_domain) VALUES ('50657275', 'Peru', 'Republic of Peru', '496e646570656e64656e74205374617465', NULL, NULL, 'Lima', '51', 'PE', 'PER', '604', '.pe');
INSERT INTO country (id, common_name, formal_name, type, sub_type, sovereignty, capital, itu_t_telephone_code, iso3166_1_alpha_2_code, iso3166_1_alpha_3_code, iso3166_1_numeric_code, iana_country_code_top_level_domain) VALUES ('5068696c697070696e6573', 'Philippines', 'Republic of the Philippines', '496e646570656e64656e74205374617465', NULL, NULL, 'Manila', '63', 'PH', 'PHL', '608', '.ph');
INSERT INTO country (id, common_name, formal_name, type, sub_type, sovereignty, capital, itu_t_telephone_code, iso3166_1_alpha_2_code, iso3166_1_alpha_3_code, iso3166_1_numeric_code, iana_country_code_top_level_domain) VALUES ('506f6c616e64', 'Poland', 'Republic of Poland', '496e646570656e64656e74205374617465', NULL, NULL, 'Warsaw', '48', 'PL', 'POL', '616', '.pl');
INSERT INTO country (id, common_name, formal_name, type, sub_type, sovereignty, capital, itu_t_telephone_code, iso3166_1_alpha_2_code, iso3166_1_alpha_3_code, iso3166_1_numeric_code, iana_country_code_top_level_domain) VALUES ('506f72747567616c', 'Portugal', 'Portuguese Republic', '496e646570656e64656e74205374617465', NULL, NULL, 'Lisbon', '351', 'PT', 'PRT', '620', '.pt');
INSERT INTO country (id, common_name, formal_name, type, sub_type, sovereignty, capital, itu_t_telephone_code, iso3166_1_alpha_2_code, iso3166_1_alpha_3_code, iso3166_1_numeric_code, iana_country_code_top_level_domain) VALUES ('5161746172', 'Qatar', 'State of Qatar', '496e646570656e64656e74205374617465', NULL, NULL, 'Doha', '974', 'QA', 'QAT', '634', '.qa');
INSERT INTO country (id, common_name, formal_name, type, sub_type, sovereignty, capital, itu_t_telephone_code, iso3166_1_alpha_2_code, iso3166_1_alpha_3_code, iso3166_1_numeric_code, iana_country_code_top_level_domain) VALUES ('526f6d616e6961', 'Romania', NULL, '496e646570656e64656e74205374617465', NULL, NULL, 'Bucharest', '40', 'RO', 'ROU', '642', '.ro');
INSERT INTO country (id, common_name, formal_name, type, sub_type, sovereignty, capital, itu_t_telephone_code, iso3166_1_alpha_2_code, iso3166_1_alpha_3_code, iso3166_1_numeric_code, iana_country_code_top_level_domain) VALUES ('527573736961', 'Russia', 'Russian Federation', '496e646570656e64656e74205374617465', NULL, NULL, 'Moscow', '7', 'RU', 'RUS', '643', '.ru and .su');
INSERT INTO country (id, common_name, formal_name, type, sub_type, sovereignty, capital, itu_t_telephone_code, iso3166_1_alpha_2_code, iso3166_1_alpha_3_code, iso3166_1_numeric_code, iana_country_code_top_level_domain) VALUES ('5277616e6461', 'Rwanda', 'Republic of Rwanda', '496e646570656e64656e74205374617465', NULL, NULL, 'Kigali', '250', 'RW', 'RWA', '646', '.rw');
INSERT INTO country (id, common_name, formal_name, type, sub_type, sovereignty, capital, itu_t_telephone_code, iso3166_1_alpha_2_code, iso3166_1_alpha_3_code, iso3166_1_numeric_code, iana_country_code_top_level_domain) VALUES ('5361696e74204b6974747320616e64204e65766973', 'Saint Kitts and Nevis', 'Federation of Saint Kitts and Nevis', '496e646570656e64656e74205374617465', NULL, NULL, 'Basseterre', '-868', 'KN', 'KNA', '659', '.kn');
INSERT INTO country (id, common_name, formal_name, type, sub_type, sovereignty, capital, itu_t_telephone_code, iso3166_1_alpha_2_code, iso3166_1_alpha_3_code, iso3166_1_numeric_code, iana_country_code_top_level_domain) VALUES ('5361696e74204c75636961', 'Saint Lucia', NULL, '496e646570656e64656e74205374617465', NULL, NULL, 'Castries', '-757', 'LC', 'LCA', '662', '.lc');
INSERT INTO country (id, common_name, formal_name, type, sub_type, sovereignty, capital, itu_t_telephone_code, iso3166_1_alpha_2_code, iso3166_1_alpha_3_code, iso3166_1_numeric_code, iana_country_code_top_level_domain) VALUES ('5361696e742056696e63656e7420616e6420746865204772656e6164696e6573', 'Saint Vincent and the Grenadines', NULL, '496e646570656e64656e74205374617465', NULL, NULL, 'Kingstown', '-783', 'VC', 'VCT', '670', '.vc');
INSERT INTO country (id, common_name, formal_name, type, sub_type, sovereignty, capital, itu_t_telephone_code, iso3166_1_alpha_2_code, iso3166_1_alpha_3_code, iso3166_1_numeric_code, iana_country_code_top_level_domain) VALUES ('53616d6f61', 'Samoa', 'Independent State of Samoa', '496e646570656e64656e74205374617465', NULL, NULL, 'Apia', '685', 'WS', 'WSM', '882', '.ws');
INSERT INTO country (id, common_name, formal_name, type, sub_type, sovereignty, capital, itu_t_telephone_code, iso3166_1_alpha_2_code, iso3166_1_alpha_3_code, iso3166_1_numeric_code, iana_country_code_top_level_domain) VALUES ('53616e204d6172696e6f', 'San Marino', 'Republic of San Marino', '496e646570656e64656e74205374617465', NULL, NULL, 'San Marino', '378', 'SM', 'SMR', '674', '.sm');
INSERT INTO country (id, common_name, formal_name, type, sub_type, sovereignty, capital, itu_t_telephone_code, iso3166_1_alpha_2_code, iso3166_1_alpha_3_code, iso3166_1_numeric_code, iana_country_code_top_level_domain) VALUES ('53616f20546f6d6520616e64205072696e63697065', 'Sao Tome and Principe', 'Democratic Republic of Sao Tome and Principe', '496e646570656e64656e74205374617465', NULL, NULL, 'Sao Tome', '239', 'ST', 'STP', '678', '.st');
INSERT INTO country (id, common_name, formal_name, type, sub_type, sovereignty, capital, itu_t_telephone_code, iso3166_1_alpha_2_code, iso3166_1_alpha_3_code, iso3166_1_numeric_code, iana_country_code_top_level_domain) VALUES ('536175646920417261626961', 'Saudi Arabia', 'Kingdom of Saudi Arabia', '496e646570656e64656e74205374617465', NULL, NULL, 'Riyadh', '966', 'SA', 'SAU', '682', '.sa');
INSERT INTO country (id, common_name, formal_name, type, sub_type, sovereignty, capital, itu_t_telephone_code, iso3166_1_alpha_2_code, iso3166_1_alpha_3_code, iso3166_1_numeric_code, iana_country_code_top_level_domain) VALUES ('53656e6567616c', 'Senegal', 'Republic of Senegal', '496e646570656e64656e74205374617465', NULL, NULL, 'Dakar', '221', 'SN', 'SEN', '686', '.sn');
INSERT INTO country (id, common_name, formal_name, type, sub_type, sovereignty, capital, itu_t_telephone_code, iso3166_1_alpha_2_code, iso3166_1_alpha_3_code, iso3166_1_numeric_code, iana_country_code_top_level_domain) VALUES ('536572626961', 'Serbia', 'Republic of Serbia', '496e646570656e64656e74205374617465', NULL, NULL, 'Belgrade', '381', 'RS', 'SRB', '688', '.rs and .yu');
INSERT INTO country (id, common_name, formal_name, type, sub_type, sovereignty, capital, itu_t_telephone_code, iso3166_1_alpha_2_code, iso3166_1_alpha_3_code, iso3166_1_numeric_code, iana_country_code_top_level_domain) VALUES ('5365796368656c6c6573', 'Seychelles', 'Republic of Seychelles', '496e646570656e64656e74205374617465', NULL, NULL, 'Victoria', '248', 'SC', 'SYC', '690', '.sc');
INSERT INTO country (id, common_name, formal_name, type, sub_type, sovereignty, capital, itu_t_telephone_code, iso3166_1_alpha_2_code, iso3166_1_alpha_3_code, iso3166_1_numeric_code, iana_country_code_top_level_domain) VALUES ('536965727261204c656f6e65', 'Sierra Leone', 'Republic of Sierra Leone', '496e646570656e64656e74205374617465', NULL, NULL, 'Freetown', '232', 'SL', 'SLE', '694', '.sl');
INSERT INTO country (id, common_name, formal_name, type, sub_type, sovereignty, capital, itu_t_telephone_code, iso3166_1_alpha_2_code, iso3166_1_alpha_3_code, iso3166_1_numeric_code, iana_country_code_top_level_domain) VALUES ('53696e6761706f7265', 'Singapore', 'Republic of Singapore', '496e646570656e64656e74205374617465', NULL, NULL, 'Singapore', '65', 'SG', 'SGP', '702', '.sg');
INSERT INTO country (id, common_name, formal_name, type, sub_type, sovereignty, capital, itu_t_telephone_code, iso3166_1_alpha_2_code, iso3166_1_alpha_3_code, iso3166_1_numeric_code, iana_country_code_top_level_domain) VALUES ('536c6f76616b6961', 'Slovakia', 'Slovak Republic', '496e646570656e64656e74205374617465', NULL, NULL, 'Bratislava', '421', 'SK', 'SVK', '703', '.sk');
INSERT INTO country (id, common_name, formal_name, type, sub_type, sovereignty, capital, itu_t_telephone_code, iso3166_1_alpha_2_code, iso3166_1_alpha_3_code, iso3166_1_numeric_code, iana_country_code_top_level_domain) VALUES ('536c6f76656e6961', 'Slovenia', 'Republic of Slovenia', '496e646570656e64656e74205374617465', NULL, NULL, 'Ljubljana', '386', 'SI', 'SVN', '705', '.si');
INSERT INTO country (id, common_name, formal_name, type, sub_type, sovereignty, capital, itu_t_telephone_code, iso3166_1_alpha_2_code, iso3166_1_alpha_3_code, iso3166_1_numeric_code, iana_country_code_top_level_domain) VALUES ('536f6c6f6d6f6e2049736c616e6473', 'Solomon Islands', NULL, '496e646570656e64656e74205374617465', NULL, NULL, 'Honiara', '677', 'SB', 'SLB', '90', '.sb');
INSERT INTO country (id, common_name, formal_name, type, sub_type, sovereignty, capital, itu_t_telephone_code, iso3166_1_alpha_2_code, iso3166_1_alpha_3_code, iso3166_1_numeric_code, iana_country_code_top_level_domain) VALUES ('536f6d616c6961', 'Somalia', NULL, '496e646570656e64656e74205374617465', NULL, NULL, 'Mogadishu', '252', 'SO', 'SOM', '706', '.so');
INSERT INTO country (id, common_name, formal_name, type, sub_type, sovereignty, capital, itu_t_telephone_code, iso3166_1_alpha_2_code, iso3166_1_alpha_3_code, iso3166_1_numeric_code, iana_country_code_top_level_domain) VALUES ('536f75746820416672696361', 'South Africa', 'Republic of South Africa', '496e646570656e64656e74205374617465', NULL, NULL, 'Pretoria (administrative), Cape Town (legislative), and Bloemfontein (judical)', '27', 'ZA', 'ZAF', '710', '.za');
INSERT INTO country (id, common_name, formal_name, type, sub_type, sovereignty, capital, itu_t_telephone_code, iso3166_1_alpha_2_code, iso3166_1_alpha_3_code, iso3166_1_numeric_code, iana_country_code_top_level_domain) VALUES ('537061696e', 'Spain', 'Kingdom of Spain', '496e646570656e64656e74205374617465', NULL, NULL, 'Madrid', '34', 'ES', 'ESP', '724', '.es');
INSERT INTO country (id, common_name, formal_name, type, sub_type, sovereignty, capital, itu_t_telephone_code, iso3166_1_alpha_2_code, iso3166_1_alpha_3_code, iso3166_1_numeric_code, iana_country_code_top_level_domain) VALUES ('537269204c616e6b61', 'Sri Lanka', 'Democratic Socialist Republic of Sri Lanka', '496e646570656e64656e74205374617465', NULL, NULL, 'Colombo (administrative/judical) and Sri Jayewardenepura Kotte (legislative)', '94', 'LK', 'LKA', '144', '.lk');
INSERT INTO country (id, common_name, formal_name, type, sub_type, sovereignty, capital, itu_t_telephone_code, iso3166_1_alpha_2_code, iso3166_1_alpha_3_code, iso3166_1_numeric_code, iana_country_code_top_level_domain) VALUES ('537564616e', 'Sudan', 'Republic of the Sudan', '496e646570656e64656e74205374617465', NULL, NULL, 'Khartoum', '249', 'SD', 'SDN', '736', '.sd');
INSERT INTO country (id, common_name, formal_name, type, sub_type, sovereignty, capital, itu_t_telephone_code, iso3166_1_alpha_2_code, iso3166_1_alpha_3_code, iso3166_1_numeric_code, iana_country_code_top_level_domain) VALUES ('537572696e616d65', 'Suriname', 'Republic of Suriname', '496e646570656e64656e74205374617465', NULL, NULL, 'Paramaribo', '597', 'SR', 'SUR', '740', '.sr');
INSERT INTO country (id, common_name, formal_name, type, sub_type, sovereignty, capital, itu_t_telephone_code, iso3166_1_alpha_2_code, iso3166_1_alpha_3_code, iso3166_1_numeric_code, iana_country_code_top_level_domain) VALUES ('5377617a696c616e64', 'Swaziland', 'Kingdom of Swaziland', '496e646570656e64656e74205374617465', NULL, NULL, 'Mbabane (administrative) and Lobamba (legislative)', '268', 'SZ', 'SWZ', '748', '.sz');
INSERT INTO country (id, common_name, formal_name, type, sub_type, sovereignty, capital, itu_t_telephone_code, iso3166_1_alpha_2_code, iso3166_1_alpha_3_code, iso3166_1_numeric_code, iana_country_code_top_level_domain) VALUES ('53776564656e', 'Sweden', 'Kingdom of Sweden', '496e646570656e64656e74205374617465', NULL, NULL, 'Stockholm', '46', 'SE', 'SWE', '752', '.se');
INSERT INTO country (id, common_name, formal_name, type, sub_type, sovereignty, capital, itu_t_telephone_code, iso3166_1_alpha_2_code, iso3166_1_alpha_3_code, iso3166_1_numeric_code, iana_country_code_top_level_domain) VALUES ('537769747a65726c616e64', 'Switzerland', 'Swiss Confederation', '496e646570656e64656e74205374617465', NULL, NULL, 'Bern', '41', 'CH', 'CHE', '756', '.ch');
INSERT INTO country (id, common_name, formal_name, type, sub_type, sovereignty, capital, itu_t_telephone_code, iso3166_1_alpha_2_code, iso3166_1_alpha_3_code, iso3166_1_numeric_code, iana_country_code_top_level_domain) VALUES ('5379726961', 'Syria', 'Syrian Arab Republic', '496e646570656e64656e74205374617465', NULL, NULL, 'Damascus', '963', 'SY', 'SYR', '760', '.sy');
INSERT INTO country (id, common_name, formal_name, type, sub_type, sovereignty, capital, itu_t_telephone_code, iso3166_1_alpha_2_code, iso3166_1_alpha_3_code, iso3166_1_numeric_code, iana_country_code_top_level_domain) VALUES ('54616a696b697374616e', 'Tajikistan', 'Republic of Tajikistan', '496e646570656e64656e74205374617465', NULL, NULL, 'Dushanbe', '992', 'TJ', 'TJK', '762', '.tj');
INSERT INTO country (id, common_name, formal_name, type, sub_type, sovereignty, capital, itu_t_telephone_code, iso3166_1_alpha_2_code, iso3166_1_alpha_3_code, iso3166_1_numeric_code, iana_country_code_top_level_domain) VALUES ('54616e7a616e6961', 'Tanzania', 'United Republic of Tanzania', '496e646570656e64656e74205374617465', NULL, NULL, 'Dar es Salaam (administrative/judical) and Dodoma (legislative)', '255', 'TZ', 'TZA', '834', '.tz');
INSERT INTO country (id, common_name, formal_name, type, sub_type, sovereignty, capital, itu_t_telephone_code, iso3166_1_alpha_2_code, iso3166_1_alpha_3_code, iso3166_1_numeric_code, iana_country_code_top_level_domain) VALUES ('546861696c616e64', 'Thailand', 'Kingdom of Thailand', '496e646570656e64656e74205374617465', NULL, NULL, 'Bangkok', '66', 'TH', 'THA', '764', '.th');
INSERT INTO country (id, common_name, formal_name, type, sub_type, sovereignty, capital, itu_t_telephone_code, iso3166_1_alpha_2_code, iso3166_1_alpha_3_code, iso3166_1_numeric_code, iana_country_code_top_level_domain) VALUES ('54696d6f722d4c657374652028456173742054696d6f7229', 'Timor-Leste (East Timor)', 'Democratic Republic of Timor-Leste', '496e646570656e64656e74205374617465', NULL, NULL, 'Dili', '670', 'TL', 'TLS', '626', '.tp and .tl');
INSERT INTO country (id, common_name, formal_name, type, sub_type, sovereignty, capital, itu_t_telephone_code, iso3166_1_alpha_2_code, iso3166_1_alpha_3_code, iso3166_1_numeric_code, iana_country_code_top_level_domain) VALUES ('546f676f', 'Togo', 'Togolese Republic', '496e646570656e64656e74205374617465', NULL, NULL, 'Lome', '228', 'TG', 'TGO', '768', '.tg');
INSERT INTO country (id, common_name, formal_name, type, sub_type, sovereignty, capital, itu_t_telephone_code, iso3166_1_alpha_2_code, iso3166_1_alpha_3_code, iso3166_1_numeric_code, iana_country_code_top_level_domain) VALUES ('546f6e6761', 'Tonga', 'Kingdom of Tonga', '496e646570656e64656e74205374617465', NULL, NULL, 'Nuku''alofa', '676', 'TO', 'TON', '776', '.to');
INSERT INTO country (id, common_name, formal_name, type, sub_type, sovereignty, capital, itu_t_telephone_code, iso3166_1_alpha_2_code, iso3166_1_alpha_3_code, iso3166_1_numeric_code, iana_country_code_top_level_domain) VALUES ('5472696e6964616420616e6420546f6261676f', 'Trinidad and Tobago', 'Republic of Trinidad and Tobago', '496e646570656e64656e74205374617465', NULL, NULL, 'Port-of-Spain', '-867', 'TT', 'TTO', '780', '.tt');
INSERT INTO country (id, common_name, formal_name, type, sub_type, sovereignty, capital, itu_t_telephone_code, iso3166_1_alpha_2_code, iso3166_1_alpha_3_code, iso3166_1_numeric_code, iana_country_code_top_level_domain) VALUES ('54756e69736961', 'Tunisia', 'Tunisian Republic', '496e646570656e64656e74205374617465', NULL, NULL, 'Tunis', '216', 'TN', 'TUN', '788', '.tn');
INSERT INTO country (id, common_name, formal_name, type, sub_type, sovereignty, capital, itu_t_telephone_code, iso3166_1_alpha_2_code, iso3166_1_alpha_3_code, iso3166_1_numeric_code, iana_country_code_top_level_domain) VALUES ('5475726b6579', 'Turkey', 'Republic of Turkey', '496e646570656e64656e74205374617465', NULL, NULL, 'Ankara', '90', 'TR', 'TUR', '792', '.tr');
INSERT INTO country (id, common_name, formal_name, type, sub_type, sovereignty, capital, itu_t_telephone_code, iso3166_1_alpha_2_code, iso3166_1_alpha_3_code, iso3166_1_numeric_code, iana_country_code_top_level_domain) VALUES ('5475726b6d656e697374616e', 'Turkmenistan', NULL, '496e646570656e64656e74205374617465', NULL, NULL, 'Ashgabat', '993', 'TM', 'TKM', '795', '.tm');
INSERT INTO country (id, common_name, formal_name, type, sub_type, sovereignty, capital, itu_t_telephone_code, iso3166_1_alpha_2_code, iso3166_1_alpha_3_code, iso3166_1_numeric_code, iana_country_code_top_level_domain) VALUES ('547576616c75', 'Tuvalu', NULL, '496e646570656e64656e74205374617465', NULL, NULL, 'Funafuti', '688', 'TV', 'TUV', '798', '.tv');
INSERT INTO country (id, common_name, formal_name, type, sub_type, sovereignty, capital, itu_t_telephone_code, iso3166_1_alpha_2_code, iso3166_1_alpha_3_code, iso3166_1_numeric_code, iana_country_code_top_level_domain) VALUES ('5567616e6461', 'Uganda', 'Republic of Uganda', '496e646570656e64656e74205374617465', NULL, NULL, 'Kampala', '256', 'UG', 'UGA', '800', '.ug');
INSERT INTO country (id, common_name, formal_name, type, sub_type, sovereignty, capital, itu_t_telephone_code, iso3166_1_alpha_2_code, iso3166_1_alpha_3_code, iso3166_1_numeric_code, iana_country_code_top_level_domain) VALUES ('556b7261696e65', 'Ukraine', NULL, '496e646570656e64656e74205374617465', NULL, NULL, 'Kiev', '380', 'UA', 'UKR', '804', '.ua');
INSERT INTO country (id, common_name, formal_name, type, sub_type, sovereignty, capital, itu_t_telephone_code, iso3166_1_alpha_2_code, iso3166_1_alpha_3_code, iso3166_1_numeric_code, iana_country_code_top_level_domain) VALUES ('556e69746564204172616220456d697261746573', 'United Arab Emirates', 'United Arab Emirates', '496e646570656e64656e74205374617465', NULL, NULL, 'Abu Dhabi', '971', 'AE', 'ARE', '784', '.ae');
INSERT INTO country (id, common_name, formal_name, type, sub_type, sovereignty, capital, itu_t_telephone_code, iso3166_1_alpha_2_code, iso3166_1_alpha_3_code, iso3166_1_numeric_code, iana_country_code_top_level_domain) VALUES ('556e69746564204b696e67646f6d', 'United Kingdom', 'United Kingdom of Great Britain and Northern Ireland', '496e646570656e64656e74205374617465', NULL, NULL, 'London', '44', 'GB', 'GBR', '826', '.uk');
INSERT INTO country (id, common_name, formal_name, type, sub_type, sovereignty, capital, itu_t_telephone_code, iso3166_1_alpha_2_code, iso3166_1_alpha_3_code, iso3166_1_numeric_code, iana_country_code_top_level_domain) VALUES ('556e6974656420537461746573', 'United States', 'United States of America', '496e646570656e64656e74205374617465', NULL, NULL, 'Washington', '1', 'US', 'USA', '840', '.us');
INSERT INTO country (id, common_name, formal_name, type, sub_type, sovereignty, capital, itu_t_telephone_code, iso3166_1_alpha_2_code, iso3166_1_alpha_3_code, iso3166_1_numeric_code, iana_country_code_top_level_domain) VALUES ('55727567756179', 'Uruguay', 'Oriental Republic of Uruguay', '496e646570656e64656e74205374617465', NULL, NULL, 'Montevideo', '598', 'UY', 'URY', '858', '.uy');
INSERT INTO country (id, common_name, formal_name, type, sub_type, sovereignty, capital, itu_t_telephone_code, iso3166_1_alpha_2_code, iso3166_1_alpha_3_code, iso3166_1_numeric_code, iana_country_code_top_level_domain) VALUES ('557a62656b697374616e', 'Uzbekistan', 'Republic of Uzbekistan', '496e646570656e64656e74205374617465', NULL, NULL, 'Tashkent', '998', 'UZ', 'UZB', '860', '.uz');
INSERT INTO country (id, common_name, formal_name, type, sub_type, sovereignty, capital, itu_t_telephone_code, iso3166_1_alpha_2_code, iso3166_1_alpha_3_code, iso3166_1_numeric_code, iana_country_code_top_level_domain) VALUES ('56616e75617475', 'Vanuatu', 'Republic of Vanuatu', '496e646570656e64656e74205374617465', NULL, NULL, 'Port-Vila', '678', 'VU', 'VUT', '548', '.vu');
INSERT INTO country (id, common_name, formal_name, type, sub_type, sovereignty, capital, itu_t_telephone_code, iso3166_1_alpha_2_code, iso3166_1_alpha_3_code, iso3166_1_numeric_code, iana_country_code_top_level_domain) VALUES ('5661746963616e2043697479', 'Vatican City', 'State of the Vatican City', '496e646570656e64656e74205374617465', NULL, NULL, 'Vatican City', '379', 'VA', 'VAT', '336', '.va');
INSERT INTO country (id, common_name, formal_name, type, sub_type, sovereignty, capital, itu_t_telephone_code, iso3166_1_alpha_2_code, iso3166_1_alpha_3_code, iso3166_1_numeric_code, iana_country_code_top_level_domain) VALUES ('56656e657a75656c61', 'Venezuela', 'Bolivarian Republic of Venezuela', '496e646570656e64656e74205374617465', NULL, NULL, 'Caracas', '58', 'VE', 'VEN', '862', '.ve');
INSERT INTO country (id, common_name, formal_name, type, sub_type, sovereignty, capital, itu_t_telephone_code, iso3166_1_alpha_2_code, iso3166_1_alpha_3_code, iso3166_1_numeric_code, iana_country_code_top_level_domain) VALUES ('566965746e616d', 'Vietnam', 'Socialist Republic of Vietnam', '496e646570656e64656e74205374617465', NULL, NULL, 'Hanoi', '84', 'VN', 'VNM', '704', '.vn');
INSERT INTO country (id, common_name, formal_name, type, sub_type, sovereignty, capital, itu_t_telephone_code, iso3166_1_alpha_2_code, iso3166_1_alpha_3_code, iso3166_1_numeric_code, iana_country_code_top_level_domain) VALUES ('59656d656e', 'Yemen', 'Republic of Yemen', '496e646570656e64656e74205374617465', NULL, NULL, 'Sanaa', '967', 'YE', 'YEM', '887', '.ye');
INSERT INTO country (id, common_name, formal_name, type, sub_type, sovereignty, capital, itu_t_telephone_code, iso3166_1_alpha_2_code, iso3166_1_alpha_3_code, iso3166_1_numeric_code, iana_country_code_top_level_domain) VALUES ('5a616d626961', 'Zambia', 'Republic of Zambia', '496e646570656e64656e74205374617465', NULL, NULL, 'Lusaka', '260', 'ZM', 'ZMB', '894', '.zm');
INSERT INTO country (id, common_name, formal_name, type, sub_type, sovereignty, capital, itu_t_telephone_code, iso3166_1_alpha_2_code, iso3166_1_alpha_3_code, iso3166_1_numeric_code, iana_country_code_top_level_domain) VALUES ('5a696d6261627765', 'Zimbabwe', 'Republic of Zimbabwe', '496e646570656e64656e74205374617465', NULL, NULL, 'Harare', '263', 'ZW', 'ZWE', '716', '.zw');
INSERT INTO country (id, common_name, formal_name, type, sub_type, sovereignty, capital, itu_t_telephone_code, iso3166_1_alpha_2_code, iso3166_1_alpha_3_code, iso3166_1_numeric_code, iana_country_code_top_level_domain) VALUES ('41626b68617a6961', 'Abkhazia', 'Republic of Abkhazia', '50726f746f20496e646570656e64656e74205374617465', NULL, NULL, 'Sokhumi', '995', 'GE', 'GEO', '268', '.ge');
INSERT INTO country (id, common_name, formal_name, type, sub_type, sovereignty, capital, itu_t_telephone_code, iso3166_1_alpha_2_code, iso3166_1_alpha_3_code, iso3166_1_numeric_code, iana_country_code_top_level_domain) VALUES ('4368696e612c2052657075626c6963206f66202854616977616e29', 'China, Republic of (Taiwan)', 'Republic of China', '50726f746f20496e646570656e64656e74205374617465', NULL, NULL, 'Taipei', '886', 'TW', 'TWN', '158', '.tw');
INSERT INTO country (id, common_name, formal_name, type, sub_type, sovereignty, capital, itu_t_telephone_code, iso3166_1_alpha_2_code, iso3166_1_alpha_3_code, iso3166_1_numeric_code, iana_country_code_top_level_domain) VALUES ('4e61676f726e6f2d4b61726162616b68', 'Nagorno-Karabakh', 'Nagorno-Karabakh Republic', '50726f746f20496e646570656e64656e74205374617465', NULL, NULL, 'Stepanakert', '277', 'AZ', 'AZE', '31', '.az');
INSERT INTO country (id, common_name, formal_name, type, sub_type, sovereignty, capital, itu_t_telephone_code, iso3166_1_alpha_2_code, iso3166_1_alpha_3_code, iso3166_1_numeric_code, iana_country_code_top_level_domain) VALUES ('4e6f72746865726e20437970727573', 'Northern Cyprus', 'Turkish Republic of Northern Cyprus', '50726f746f20496e646570656e64656e74205374617465', NULL, NULL, 'Nicosia', '-302', 'CY', 'CYP', '196', '.nc.tr');
INSERT INTO country (id, common_name, formal_name, type, sub_type, sovereignty, capital, itu_t_telephone_code, iso3166_1_alpha_2_code, iso3166_1_alpha_3_code, iso3166_1_numeric_code, iana_country_code_top_level_domain) VALUES ('507269646e657374726f76696520285472616e736e69737472696129', 'Pridnestrovie (Transnistria)', 'Pridnestrovian Moldavian Republic', '50726f746f20496e646570656e64656e74205374617465', NULL, NULL, 'Tiraspol', '-160', 'MD', 'MDA', '498', '.md');
INSERT INTO country (id, common_name, formal_name, type, sub_type, sovereignty, capital, itu_t_telephone_code, iso3166_1_alpha_2_code, iso3166_1_alpha_3_code, iso3166_1_numeric_code, iana_country_code_top_level_domain) VALUES ('536f6d616c696c616e64', 'Somaliland', 'Republic of Somaliland', '50726f746f20496e646570656e64656e74205374617465', NULL, NULL, 'Hargeisa', '252', 'SO', 'SOM', '706', '.so');
INSERT INTO country (id, common_name, formal_name, type, sub_type, sovereignty, capital, itu_t_telephone_code, iso3166_1_alpha_2_code, iso3166_1_alpha_3_code, iso3166_1_numeric_code, iana_country_code_top_level_domain) VALUES ('536f757468204f737365746961', 'South Ossetia', 'Republic of South Ossetia', '50726f746f20496e646570656e64656e74205374617465', NULL, NULL, 'Tskhinvali', '995', 'GE', 'GEO', '268', '.ge');
INSERT INTO country (id, common_name, formal_name, type, sub_type, sovereignty, capital, itu_t_telephone_code, iso3166_1_alpha_2_code, iso3166_1_alpha_3_code, iso3166_1_numeric_code, iana_country_code_top_level_domain) VALUES ('4173686d6f726520616e6420436172746965722049736c616e6473', 'Ashmore and Cartier Islands', 'Territory of Ashmore and Cartier Islands', '446570656e64656e6379', '45787465726e616c205465727269746f7279', '4175737472616c6961', NULL, NULL, 'AU', 'AUS', '36', '.au');
INSERT INTO country (id, common_name, formal_name, type, sub_type, sovereignty, capital, itu_t_telephone_code, iso3166_1_alpha_2_code, iso3166_1_alpha_3_code, iso3166_1_numeric_code, iana_country_code_top_level_domain) VALUES ('4368726973746d61732049736c616e64', 'Christmas Island', 'Territory of Christmas Island', '446570656e64656e6379', '45787465726e616c205465727269746f7279', '4175737472616c6961', 'The Settlement (Flying Fish Cove)', '61', 'CX', 'CXR', '162', '.cx');
INSERT INTO country (id, common_name, formal_name, type, sub_type, sovereignty, capital, itu_t_telephone_code, iso3166_1_alpha_2_code, iso3166_1_alpha_3_code, iso3166_1_numeric_code, iana_country_code_top_level_domain) VALUES ('436f636f7320284b65656c696e67292049736c616e6473', 'Cocos (Keeling) Islands', 'Territory of Cocos (Keeling) Islands', '446570656e64656e6379', '45787465726e616c205465727269746f7279', '4175737472616c6961', 'West Island', '61', 'CC', 'CCK', '166', '.cc');
INSERT INTO country (id, common_name, formal_name, type, sub_type, sovereignty, capital, itu_t_telephone_code, iso3166_1_alpha_2_code, iso3166_1_alpha_3_code, iso3166_1_numeric_code, iana_country_code_top_level_domain) VALUES ('436f72616c205365612049736c616e6473', 'Coral Sea Islands', 'Coral Sea Islands Territory', '446570656e64656e6379', '45787465726e616c205465727269746f7279', '4175737472616c6961', NULL, NULL, 'AU', 'AUS', '36', '.au');
INSERT INTO country (id, common_name, formal_name, type, sub_type, sovereignty, capital, itu_t_telephone_code, iso3166_1_alpha_2_code, iso3166_1_alpha_3_code, iso3166_1_numeric_code, iana_country_code_top_level_domain) VALUES ('48656172642049736c616e6420616e64204d63446f6e616c642049736c616e6473', 'Heard Island and McDonald Islands', 'Territory of Heard Island and McDonald Islands', '446570656e64656e6379', '45787465726e616c205465727269746f7279', '4175737472616c6961', NULL, NULL, 'HM', 'HMD', '334', '.hm');
INSERT INTO country (id, common_name, formal_name, type, sub_type, sovereignty, capital, itu_t_telephone_code, iso3166_1_alpha_2_code, iso3166_1_alpha_3_code, iso3166_1_numeric_code, iana_country_code_top_level_domain) VALUES ('4e6f72666f6c6b2049736c616e64', 'Norfolk Island', 'Territory of Norfolk Island', '446570656e64656e6379', '45787465726e616c205465727269746f7279', '4175737472616c6961', 'Kingston', '672', 'NF', 'NFK', '574', '.nf');
INSERT INTO country (id, common_name, formal_name, type, sub_type, sovereignty, capital, itu_t_telephone_code, iso3166_1_alpha_2_code, iso3166_1_alpha_3_code, iso3166_1_numeric_code, iana_country_code_top_level_domain) VALUES ('4e65772043616c65646f6e6961', 'New Caledonia', NULL, '446570656e64656e6379', '5375692067656e6572697320436f6c6c6563746976697479', '4672616e6365', 'Noumea', '687', 'NC', 'NCL', '540', '.nc');
INSERT INTO country (id, common_name, formal_name, type, sub_type, sovereignty, capital, itu_t_telephone_code, iso3166_1_alpha_2_code, iso3166_1_alpha_3_code, iso3166_1_numeric_code, iana_country_code_top_level_domain) VALUES ('4672656e636820506f6c796e65736961', 'French Polynesia', 'Overseas Country of French Polynesia', '446570656e64656e6379', '4f7665727365617320436f6c6c6563746976697479', '4672616e6365', 'Papeete', '689', 'PF', 'PYF', '258', '.pf');
INSERT INTO country (id, common_name, formal_name, type, sub_type, sovereignty, capital, itu_t_telephone_code, iso3166_1_alpha_2_code, iso3166_1_alpha_3_code, iso3166_1_numeric_code, iana_country_code_top_level_domain) VALUES ('4d61796f747465', 'Mayotte', 'Departmental Collectivity of Mayotte', '446570656e64656e6379', '4f7665727365617320436f6c6c6563746976697479', '4672616e6365', 'Mamoudzou', '262', 'YT', 'MYT', '175', '.yt');
INSERT INTO country (id, common_name, formal_name, type, sub_type, sovereignty, capital, itu_t_telephone_code, iso3166_1_alpha_2_code, iso3166_1_alpha_3_code, iso3166_1_numeric_code, iana_country_code_top_level_domain) VALUES ('5361696e74204261727468656c656d79', 'Saint Barthelemy', 'Collectivity of Saint Barthelemy', '446570656e64656e6379', '4f7665727365617320436f6c6c6563746976697479', '4672616e6365', 'Gustavia', '590', 'GP', 'GLP', '312', '.gp');
INSERT INTO country (id, common_name, formal_name, type, sub_type, sovereignty, capital, itu_t_telephone_code, iso3166_1_alpha_2_code, iso3166_1_alpha_3_code, iso3166_1_numeric_code, iana_country_code_top_level_domain) VALUES ('5361696e74204d617274696e', 'Saint Martin', 'Collectivity of Saint Martin', '446570656e64656e6379', '4f7665727365617320436f6c6c6563746976697479', '4672616e6365', 'Marigot', '590', 'GP', 'GLP', '312', '.gp');
INSERT INTO country (id, common_name, formal_name, type, sub_type, sovereignty, capital, itu_t_telephone_code, iso3166_1_alpha_2_code, iso3166_1_alpha_3_code, iso3166_1_numeric_code, iana_country_code_top_level_domain) VALUES ('5361696e742050696572726520616e64204d697175656c6f6e', 'Saint Pierre and Miquelon', 'Territorial Collectivity of Saint Pierre and Miquelon', '446570656e64656e6379', '4f7665727365617320436f6c6c6563746976697479', '4672616e6365', 'Saint-Pierre', '508', 'PM', 'SPM', '666', '.pm');
INSERT INTO country (id, common_name, formal_name, type, sub_type, sovereignty, capital, itu_t_telephone_code, iso3166_1_alpha_2_code, iso3166_1_alpha_3_code, iso3166_1_numeric_code, iana_country_code_top_level_domain) VALUES ('57616c6c697320616e6420467574756e61', 'Wallis and Futuna', 'Collectivity of the Wallis and Futuna Islands', '446570656e64656e6379', '4f7665727365617320436f6c6c6563746976697479', '4672616e6365', 'Mata''utu', '681', 'WF', 'WLF', '876', '.wf');
INSERT INTO country (id, common_name, formal_name, type, sub_type, sovereignty, capital, itu_t_telephone_code, iso3166_1_alpha_2_code, iso3166_1_alpha_3_code, iso3166_1_numeric_code, iana_country_code_top_level_domain) VALUES ('4672656e636820536f75746865726e20616e6420416e74617263746963204c616e6473', 'French Southern and Antarctic Lands', 'Territory of the French Southern and Antarctic Lands', '446570656e64656e6379', '4f76657273656173205465727269746f7279', '4672616e6365', 'Martin-de-Vivis', NULL, 'TF', 'ATF', '260', '.tf');
INSERT INTO country (id, common_name, formal_name, type, sub_type, sovereignty, capital, itu_t_telephone_code, iso3166_1_alpha_2_code, iso3166_1_alpha_3_code, iso3166_1_numeric_code, iana_country_code_top_level_domain) VALUES ('436c6970706572746f6e2049736c616e64', 'Clipperton Island', NULL, '446570656e64656e6379', '506f7373657373696f6e', '4672616e6365', NULL, NULL, 'PF', 'PYF', '258', '.pf');
INSERT INTO country (id, common_name, formal_name, type, sub_type, sovereignty, capital, itu_t_telephone_code, iso3166_1_alpha_2_code, iso3166_1_alpha_3_code, iso3166_1_numeric_code, iana_country_code_top_level_domain) VALUES ('426f757665742049736c616e64', 'Bouvet Island', NULL, '446570656e64656e6379', '5465727269746f7279', '4e6f72776179', NULL, NULL, 'BV', 'BVT', '74', '.bv');
INSERT INTO country (id, common_name, formal_name, type, sub_type, sovereignty, capital, itu_t_telephone_code, iso3166_1_alpha_2_code, iso3166_1_alpha_3_code, iso3166_1_numeric_code, iana_country_code_top_level_domain) VALUES ('436f6f6b2049736c616e6473', 'Cook Islands', NULL, '446570656e64656e6379', '53656c662d476f7665726e696e6720696e2046726565204173736f63696174696f6e', '4e6577205a65616c616e64', 'Avarua', '682', 'CK', 'COK', '184', '.ck');
INSERT INTO country (id, common_name, formal_name, type, sub_type, sovereignty, capital, itu_t_telephone_code, iso3166_1_alpha_2_code, iso3166_1_alpha_3_code, iso3166_1_numeric_code, iana_country_code_top_level_domain) VALUES ('4e697565', 'Niue', NULL, '446570656e64656e6379', '53656c662d476f7665726e696e6720696e2046726565204173736f63696174696f6e', '4e6577205a65616c616e64', 'Alofi', '683', 'NU', 'NIU', '570', '.nu');
INSERT INTO country (id, common_name, formal_name, type, sub_type, sovereignty, capital, itu_t_telephone_code, iso3166_1_alpha_2_code, iso3166_1_alpha_3_code, iso3166_1_numeric_code, iana_country_code_top_level_domain) VALUES ('546f6b656c6175', 'Tokelau', NULL, '446570656e64656e6379', '5465727269746f7279', '4e6577205a65616c616e64', NULL, '690', 'TK', 'TKL', '772', '.tk');
INSERT INTO country (id, common_name, formal_name, type, sub_type, sovereignty, capital, itu_t_telephone_code, iso3166_1_alpha_2_code, iso3166_1_alpha_3_code, iso3166_1_numeric_code, iana_country_code_top_level_domain) VALUES ('477565726e736579', 'Guernsey', 'Bailiwick of Guernsey', '446570656e64656e6379', '43726f776e20446570656e64656e6379', '556e69746564204b696e67646f6d', 'Saint Peter Port', '44', 'GG', 'GGY', '831', '.gg');
INSERT INTO country (id, common_name, formal_name, type, sub_type, sovereignty, capital, itu_t_telephone_code, iso3166_1_alpha_2_code, iso3166_1_alpha_3_code, iso3166_1_numeric_code, iana_country_code_top_level_domain) VALUES ('49736c65206f66204d616e', 'Isle of Man', NULL, '446570656e64656e6379', '43726f776e20446570656e64656e6379', '556e69746564204b696e67646f6d', 'Douglas', '44', 'IM', 'IMN', '833', '.im');
INSERT INTO country (id, common_name, formal_name, type, sub_type, sovereignty, capital, itu_t_telephone_code, iso3166_1_alpha_2_code, iso3166_1_alpha_3_code, iso3166_1_numeric_code, iana_country_code_top_level_domain) VALUES ('4a6572736579', 'Jersey', 'Bailiwick of Jersey', '446570656e64656e6379', '43726f776e20446570656e64656e6379', '556e69746564204b696e67646f6d', 'Saint Helier', '44', 'JE', 'JEY', '832', '.je');
INSERT INTO country (id, common_name, formal_name, type, sub_type, sovereignty, capital, itu_t_telephone_code, iso3166_1_alpha_2_code, iso3166_1_alpha_3_code, iso3166_1_numeric_code, iana_country_code_top_level_domain) VALUES ('416e6775696c6c61', 'Anguilla', NULL, '446570656e64656e6379', '4f76657273656173205465727269746f7279', '556e69746564204b696e67646f6d', 'The Valley', '-263', 'AI', 'AIA', '660', '.ai');
INSERT INTO country (id, common_name, formal_name, type, sub_type, sovereignty, capital, itu_t_telephone_code, iso3166_1_alpha_2_code, iso3166_1_alpha_3_code, iso3166_1_numeric_code, iana_country_code_top_level_domain) VALUES ('4265726d756461', 'Bermuda', NULL, '446570656e64656e6379', '4f76657273656173205465727269746f7279', '556e69746564204b696e67646f6d', 'Hamilton', '-440', 'BM', 'BMU', '60', '.bm');
INSERT INTO country (id, common_name, formal_name, type, sub_type, sovereignty, capital, itu_t_telephone_code, iso3166_1_alpha_2_code, iso3166_1_alpha_3_code, iso3166_1_numeric_code, iana_country_code_top_level_domain) VALUES ('4272697469736820496e6469616e204f6365616e205465727269746f7279', 'British Indian Ocean Territory', NULL, '446570656e64656e6379', '4f76657273656173205465727269746f7279', '556e69746564204b696e67646f6d', NULL, '246', 'IO', 'IOT', '86', '.io');
INSERT INTO country (id, common_name, formal_name, type, sub_type, sovereignty, capital, itu_t_telephone_code, iso3166_1_alpha_2_code, iso3166_1_alpha_3_code, iso3166_1_numeric_code, iana_country_code_top_level_domain) VALUES ('4272697469736820536f7665726569676e2042617365204172656173', 'British Sovereign Base Areas', NULL, '446570656e64656e6379', '4f76657273656173205465727269746f7279', '556e69746564204b696e67646f6d', 'Episkopi', '357', NULL, NULL, NULL, NULL);
INSERT INTO country (id, common_name, formal_name, type, sub_type, sovereignty, capital, itu_t_telephone_code, iso3166_1_alpha_2_code, iso3166_1_alpha_3_code, iso3166_1_numeric_code, iana_country_code_top_level_domain) VALUES ('427269746973682056697267696e2049736c616e6473', 'British Virgin Islands', NULL, '446570656e64656e6379', '4f76657273656173205465727269746f7279', '556e69746564204b696e67646f6d', 'Road Town', '-283', 'VG', 'VGB', '92', '.vg');
INSERT INTO country (id, common_name, formal_name, type, sub_type, sovereignty, capital, itu_t_telephone_code, iso3166_1_alpha_2_code, iso3166_1_alpha_3_code, iso3166_1_numeric_code, iana_country_code_top_level_domain) VALUES ('4361796d616e2049736c616e6473', 'Cayman Islands', NULL, '446570656e64656e6379', '4f76657273656173205465727269746f7279', '556e69746564204b696e67646f6d', 'George Town', '-344', 'KY', 'CYM', '136', '.ky');
INSERT INTO country (id, common_name, formal_name, type, sub_type, sovereignty, capital, itu_t_telephone_code, iso3166_1_alpha_2_code, iso3166_1_alpha_3_code, iso3166_1_numeric_code, iana_country_code_top_level_domain) VALUES ('46616c6b6c616e642049736c616e6473202849736c6173204d616c76696e617329', 'Falkland Islands (Islas Malvinas)', NULL, '446570656e64656e6379', '4f76657273656173205465727269746f7279', '556e69746564204b696e67646f6d', 'Stanley', '500', 'FK', 'FLK', '238', '.fk');
INSERT INTO country (id, common_name, formal_name, type, sub_type, sovereignty, capital, itu_t_telephone_code, iso3166_1_alpha_2_code, iso3166_1_alpha_3_code, iso3166_1_numeric_code, iana_country_code_top_level_domain) VALUES ('47696272616c746172', 'Gibraltar', NULL, '446570656e64656e6379', '4f76657273656173205465727269746f7279', '556e69746564204b696e67646f6d', 'Gibraltar', '350', 'GI', 'GIB', '292', '.gi');
INSERT INTO country (id, common_name, formal_name, type, sub_type, sovereignty, capital, itu_t_telephone_code, iso3166_1_alpha_2_code, iso3166_1_alpha_3_code, iso3166_1_numeric_code, iana_country_code_top_level_domain) VALUES ('4d6f6e74736572726174', 'Montserrat', NULL, '446570656e64656e6379', '4f76657273656173205465727269746f7279', '556e69746564204b696e67646f6d', 'Plymouth', '-663', 'MS', 'MSR', '500', '.ms');
INSERT INTO country (id, common_name, formal_name, type, sub_type, sovereignty, capital, itu_t_telephone_code, iso3166_1_alpha_2_code, iso3166_1_alpha_3_code, iso3166_1_numeric_code, iana_country_code_top_level_domain) VALUES ('506974636169726e2049736c616e6473', 'Pitcairn Islands', NULL, '446570656e64656e6379', '4f76657273656173205465727269746f7279', '556e69746564204b696e67646f6d', 'Adamstown', NULL, 'PN', 'PCN', '612', '.pn');
INSERT INTO country (id, common_name, formal_name, type, sub_type, sovereignty, capital, itu_t_telephone_code, iso3166_1_alpha_2_code, iso3166_1_alpha_3_code, iso3166_1_numeric_code, iana_country_code_top_level_domain) VALUES ('5361696e742048656c656e61', 'Saint Helena', NULL, '446570656e64656e6379', '4f76657273656173205465727269746f7279', '556e69746564204b696e67646f6d', 'Jamestown', '290', 'SH', 'SHN', '654', '.sh');
INSERT INTO country (id, common_name, formal_name, type, sub_type, sovereignty, capital, itu_t_telephone_code, iso3166_1_alpha_2_code, iso3166_1_alpha_3_code, iso3166_1_numeric_code, iana_country_code_top_level_domain) VALUES ('536f7574682047656f72676961202620536f7574682053616e64776963682049736c616e6473', 'South Georgia & South Sandwich Islands', NULL, '446570656e64656e6379', '4f76657273656173205465727269746f7279', '556e69746564204b696e67646f6d', NULL, NULL, 'GS', 'SGS', '239', '.gs');
INSERT INTO country (id, common_name, formal_name, type, sub_type, sovereignty, capital, itu_t_telephone_code, iso3166_1_alpha_2_code, iso3166_1_alpha_3_code, iso3166_1_numeric_code, iana_country_code_top_level_domain) VALUES ('5475726b7320616e6420436169636f732049736c616e6473', 'Turks and Caicos Islands', NULL, '446570656e64656e6379', '4f76657273656173205465727269746f7279', '556e69746564204b696e67646f6d', 'Grand Turk', '-648', 'TC', 'TCA', '796', '.tc');
INSERT INTO country (id, common_name, formal_name, type, sub_type, sovereignty, capital, itu_t_telephone_code, iso3166_1_alpha_2_code, iso3166_1_alpha_3_code, iso3166_1_numeric_code, iana_country_code_top_level_domain) VALUES ('4e6f72746865726e204d617269616e612049736c616e6473', 'Northern Mariana Islands', 'Commonwealth of The Northern Mariana Islands', '446570656e64656e6379', '436f6d6d6f6e7765616c7468', '556e6974656420537461746573', 'Saipan', '-669', 'MP', 'MNP', '580', '.mp');
INSERT INTO country (id, common_name, formal_name, type, sub_type, sovereignty, capital, itu_t_telephone_code, iso3166_1_alpha_2_code, iso3166_1_alpha_3_code, iso3166_1_numeric_code, iana_country_code_top_level_domain) VALUES ('50756572746f205269636f', 'Puerto Rico', 'Commonwealth of Puerto Rico', '446570656e64656e6379', '436f6d6d6f6e7765616c7468', '556e6974656420537461746573', 'San Juan', '+1-787 and 1-939', 'PR', 'PRI', '630', '.pr');
INSERT INTO country (id, common_name, formal_name, type, sub_type, sovereignty, capital, itu_t_telephone_code, iso3166_1_alpha_2_code, iso3166_1_alpha_3_code, iso3166_1_numeric_code, iana_country_code_top_level_domain) VALUES ('416d65726963616e2053616d6f61', 'American Samoa', 'Territory of American Samoa', '446570656e64656e6379', '5465727269746f7279', '556e6974656420537461746573', 'Pago Pago', '-683', 'AS', 'ASM', '16', '.as');
INSERT INTO country (id, common_name, formal_name, type, sub_type, sovereignty, capital, itu_t_telephone_code, iso3166_1_alpha_2_code, iso3166_1_alpha_3_code, iso3166_1_numeric_code, iana_country_code_top_level_domain) VALUES ('42616b65722049736c616e64', 'Baker Island', NULL, '446570656e64656e6379', '5465727269746f7279', '556e6974656420537461746573', NULL, NULL, 'UM', 'UMI', '581', NULL);
INSERT INTO country (id, common_name, formal_name, type, sub_type, sovereignty, capital, itu_t_telephone_code, iso3166_1_alpha_2_code, iso3166_1_alpha_3_code, iso3166_1_numeric_code, iana_country_code_top_level_domain) VALUES ('4775616d', 'Guam', 'Territory of Guam', '446570656e64656e6379', '5465727269746f7279', '556e6974656420537461746573', 'Hagatna', '-670', 'GU', 'GUM', '316', '.gu');
INSERT INTO country (id, common_name, formal_name, type, sub_type, sovereignty, capital, itu_t_telephone_code, iso3166_1_alpha_2_code, iso3166_1_alpha_3_code, iso3166_1_numeric_code, iana_country_code_top_level_domain) VALUES ('486f776c616e642049736c616e64', 'Howland Island', NULL, '446570656e64656e6379', '5465727269746f7279', '556e6974656420537461746573', NULL, NULL, 'UM', 'UMI', '581', NULL);
INSERT INTO country (id, common_name, formal_name, type, sub_type, sovereignty, capital, itu_t_telephone_code, iso3166_1_alpha_2_code, iso3166_1_alpha_3_code, iso3166_1_numeric_code, iana_country_code_top_level_domain) VALUES ('4a61727669732049736c616e64', 'Jarvis Island', NULL, '446570656e64656e6379', '5465727269746f7279', '556e6974656420537461746573', NULL, NULL, 'UM', 'UMI', '581', NULL);
INSERT INTO country (id, common_name, formal_name, type, sub_type, sovereignty, capital, itu_t_telephone_code, iso3166_1_alpha_2_code, iso3166_1_alpha_3_code, iso3166_1_numeric_code, iana_country_code_top_level_domain) VALUES ('4a6f686e73746f6e2041746f6c6c', 'Johnston Atoll', NULL, '446570656e64656e6379', '5465727269746f7279', '556e6974656420537461746573', NULL, NULL, 'UM', 'UMI', '581', NULL);
INSERT INTO country (id, common_name, formal_name, type, sub_type, sovereignty, capital, itu_t_telephone_code, iso3166_1_alpha_2_code, iso3166_1_alpha_3_code, iso3166_1_numeric_code, iana_country_code_top_level_domain) VALUES ('4b696e676d616e2052656566', 'Kingman Reef', NULL, '446570656e64656e6379', '5465727269746f7279', '556e6974656420537461746573', NULL, NULL, 'UM', 'UMI', '581', NULL);
INSERT INTO country (id, common_name, formal_name, type, sub_type, sovereignty, capital, itu_t_telephone_code, iso3166_1_alpha_2_code, iso3166_1_alpha_3_code, iso3166_1_numeric_code, iana_country_code_top_level_domain) VALUES ('4d69647761792049736c616e6473', 'Midway Islands', NULL, '446570656e64656e6379', '5465727269746f7279', '556e6974656420537461746573', NULL, NULL, 'UM', 'UMI', '581', NULL);
INSERT INTO country (id, common_name, formal_name, type, sub_type, sovereignty, capital, itu_t_telephone_code, iso3166_1_alpha_2_code, iso3166_1_alpha_3_code, iso3166_1_numeric_code, iana_country_code_top_level_domain) VALUES ('4e6176617373612049736c616e64', 'Navassa Island', NULL, '446570656e64656e6379', '5465727269746f7279', '556e6974656420537461746573', NULL, NULL, 'UM', 'UMI', '581', NULL);
INSERT INTO country (id, common_name, formal_name, type, sub_type, sovereignty, capital, itu_t_telephone_code, iso3166_1_alpha_2_code, iso3166_1_alpha_3_code, iso3166_1_numeric_code, iana_country_code_top_level_domain) VALUES ('50616c6d7972612041746f6c6c', 'Palmyra Atoll', NULL, '446570656e64656e6379', '5465727269746f7279', '556e6974656420537461746573', NULL, NULL, 'UM', 'UMI', '581', NULL);
INSERT INTO country (id, common_name, formal_name, type, sub_type, sovereignty, capital, itu_t_telephone_code, iso3166_1_alpha_2_code, iso3166_1_alpha_3_code, iso3166_1_numeric_code, iana_country_code_top_level_domain) VALUES ('552e532e2056697267696e2049736c616e6473', 'U.S. Virgin Islands', 'United States Virgin Islands', '446570656e64656e6379', '5465727269746f7279', '556e6974656420537461746573', 'Charlotte Amalie', '-339', 'VI', 'VIR', '850', '.vi');
INSERT INTO country (id, common_name, formal_name, type, sub_type, sovereignty, capital, itu_t_telephone_code, iso3166_1_alpha_2_code, iso3166_1_alpha_3_code, iso3166_1_numeric_code, iana_country_code_top_level_domain) VALUES ('57616b652049736c616e64', 'Wake Island', NULL, '446570656e64656e6379', '5465727269746f7279', '556e6974656420537461746573', NULL, NULL, 'UM', 'UMI', '850', NULL);
INSERT INTO country (id, common_name, formal_name, type, sub_type, sovereignty, capital, itu_t_telephone_code, iso3166_1_alpha_2_code, iso3166_1_alpha_3_code, iso3166_1_numeric_code, iana_country_code_top_level_domain) VALUES ('486f6e67204b6f6e67', 'Hong Kong', 'Hong Kong Special Administrative Region', '50726f746f20446570656e64656e6379', '5370656369616c2041646d696e69737472617469766520526567696f6e', '4368696e612c2050656f706c6527732052657075626c6963206f66', NULL, '852', 'HK', 'HKG', '344', '.hk');
INSERT INTO country (id, common_name, formal_name, type, sub_type, sovereignty, capital, itu_t_telephone_code, iso3166_1_alpha_2_code, iso3166_1_alpha_3_code, iso3166_1_numeric_code, iana_country_code_top_level_domain) VALUES ('4d61636175', 'Macau', 'Macau Special Administrative Region', '50726f746f20446570656e64656e6379', '5370656369616c2041646d696e69737472617469766520526567696f6e', '4368696e612c2050656f706c6527732052657075626c6963206f66', 'Macau', '853', 'MO', 'MAC', '446', '.mo');
INSERT INTO country (id, common_name, formal_name, type, sub_type, sovereignty, capital, itu_t_telephone_code, iso3166_1_alpha_2_code, iso3166_1_alpha_3_code, iso3166_1_numeric_code, iana_country_code_top_level_domain) VALUES ('4661726f652049736c616e6473', 'Faroe Islands', NULL, '50726f746f20446570656e64656e6379', NULL, '44656e6d61726b', 'Torshavn', '298', 'FO', 'FRO', '234', '.fo');
INSERT INTO country (id, common_name, formal_name, type, sub_type, sovereignty, capital, itu_t_telephone_code, iso3166_1_alpha_2_code, iso3166_1_alpha_3_code, iso3166_1_numeric_code, iana_country_code_top_level_domain) VALUES ('477265656e6c616e64', 'Greenland', NULL, '50726f746f20446570656e64656e6379', NULL, '44656e6d61726b', 'Nuuk (Godthab)', '299', 'GL', 'GRL', '304', '.gl');
INSERT INTO country (id, common_name, formal_name, type, sub_type, sovereignty, capital, itu_t_telephone_code, iso3166_1_alpha_2_code, iso3166_1_alpha_3_code, iso3166_1_numeric_code, iana_country_code_top_level_domain) VALUES ('4672656e636820477569616e61', 'French Guiana', 'Overseas Region of Guiana', '50726f746f20446570656e64656e6379', '4f7665727365617320526567696f6e', '4672616e6365', 'Cayenne', '594', 'GF', 'GUF', '254', '.gf');
INSERT INTO country (id, common_name, formal_name, type, sub_type, sovereignty, capital, itu_t_telephone_code, iso3166_1_alpha_2_code, iso3166_1_alpha_3_code, iso3166_1_numeric_code, iana_country_code_top_level_domain) VALUES ('47756164656c6f757065', 'Guadeloupe', 'Overseas Region of Guadeloupe', '50726f746f20446570656e64656e6379', '4f7665727365617320526567696f6e', '4672616e6365', 'Basse-Terre', '590', 'GP', 'GLP', '312', '.gp');
INSERT INTO country (id, common_name, formal_name, type, sub_type, sovereignty, capital, itu_t_telephone_code, iso3166_1_alpha_2_code, iso3166_1_alpha_3_code, iso3166_1_numeric_code, iana_country_code_top_level_domain) VALUES ('4d617274696e69717565', 'Martinique', 'Overseas Region of Martinique', '50726f746f20446570656e64656e6379', '4f7665727365617320526567696f6e', '4672616e6365', 'Fort-de-France', '596', 'MQ', 'MTQ', '474', '.mq');
INSERT INTO country (id, common_name, formal_name, type, sub_type, sovereignty, capital, itu_t_telephone_code, iso3166_1_alpha_2_code, iso3166_1_alpha_3_code, iso3166_1_numeric_code, iana_country_code_top_level_domain) VALUES ('5265756e696f6e', 'Reunion', 'Overseas Region of Reunion', '50726f746f20446570656e64656e6379', '4f7665727365617320526567696f6e', '4672616e6365', 'Saint-Denis', '262', 'RE', 'REU', '638', '.re');
INSERT INTO country (id, common_name, formal_name, type, sub_type, sovereignty, capital, itu_t_telephone_code, iso3166_1_alpha_2_code, iso3166_1_alpha_3_code, iso3166_1_numeric_code, iana_country_code_top_level_domain) VALUES ('416c616e64', 'Aland', NULL, '50726f746f20446570656e64656e6379', NULL, '46696e6c616e64', 'Mariehamn', '340', 'AX', 'ALA', '248', '.ax');
INSERT INTO country (id, common_name, formal_name, type, sub_type, sovereignty, capital, itu_t_telephone_code, iso3166_1_alpha_2_code, iso3166_1_alpha_3_code, iso3166_1_numeric_code, iana_country_code_top_level_domain) VALUES ('4172756261', 'Aruba', NULL, '50726f746f20446570656e64656e6379', NULL, '4e65746865726c616e6473', 'Oranjestad', '297', 'AW', 'ABW', '533', '.aw');
INSERT INTO country (id, common_name, formal_name, type, sub_type, sovereignty, capital, itu_t_telephone_code, iso3166_1_alpha_2_code, iso3166_1_alpha_3_code, iso3166_1_numeric_code, iana_country_code_top_level_domain) VALUES ('4e65746865726c616e647320416e74696c6c6573', 'Netherlands Antilles', NULL, '50726f746f20446570656e64656e6379', NULL, '4e65746865726c616e6473', 'Willemstad', '599', 'AN', 'ANT', '530', '.an');
INSERT INTO country (id, common_name, formal_name, type, sub_type, sovereignty, capital, itu_t_telephone_code, iso3166_1_alpha_2_code, iso3166_1_alpha_3_code, iso3166_1_numeric_code, iana_country_code_top_level_domain) VALUES ('5376616c62617264', 'Svalbard', NULL, '50726f746f20446570656e64656e6379', NULL, '4e6f72776179', 'Longyearbyen', '47', 'SJ', 'SJM', '744', '.sj');
INSERT INTO country (id, common_name, formal_name, type, sub_type, sovereignty, capital, itu_t_telephone_code, iso3166_1_alpha_2_code, iso3166_1_alpha_3_code, iso3166_1_numeric_code, iana_country_code_top_level_domain) VALUES ('417363656e73696f6e', 'Ascension', NULL, '50726f746f20446570656e64656e6379', '446570656e64656e6379206f66205361696e742048656c656e61', '556e69746564204b696e67646f6d', 'Georgetown', '247', 'AC', 'ASC', NULL, '.ac');
INSERT INTO country (id, common_name, formal_name, type, sub_type, sovereignty, capital, itu_t_telephone_code, iso3166_1_alpha_2_code, iso3166_1_alpha_3_code, iso3166_1_numeric_code, iana_country_code_top_level_domain) VALUES ('5472697374616e2064612043756e6861', 'Tristan da Cunha', NULL, '50726f746f20446570656e64656e6379', '446570656e64656e6379206f66205361696e742048656c656e61', '556e69746564204b696e67646f6d', 'Edinburgh', '290', 'TA', 'TAA', NULL, NULL);
INSERT INTO country (id, common_name, formal_name, type, sub_type, sovereignty, capital, itu_t_telephone_code, iso3166_1_alpha_2_code, iso3166_1_alpha_3_code, iso3166_1_numeric_code, iana_country_code_top_level_domain) VALUES ('4175737472616c69616e20416e74617263746963205465727269746f7279', 'Australian Antarctic Territory', NULL, '416e74617263746963205465727269746f7279', '45787465726e616c205465727269746f7279', '4175737472616c6961', NULL, NULL, 'AQ', 'ATA', '10', '.aq');
INSERT INTO country (id, common_name, formal_name, type, sub_type, sovereignty, capital, itu_t_telephone_code, iso3166_1_alpha_2_code, iso3166_1_alpha_3_code, iso3166_1_numeric_code, iana_country_code_top_level_domain) VALUES ('526f737320446570656e64656e6379', 'Ross Dependency', NULL, '416e74617263746963205465727269746f7279', '5465727269746f7279', '4e6577205a65616c616e64', NULL, NULL, 'AQ', 'ATA', '10', '.aq');
INSERT INTO country (id, common_name, formal_name, type, sub_type, sovereignty, capital, itu_t_telephone_code, iso3166_1_alpha_2_code, iso3166_1_alpha_3_code, iso3166_1_numeric_code, iana_country_code_top_level_domain) VALUES ('506574657220492049736c616e64', 'Peter I Island', NULL, '416e74617263746963205465727269746f7279', '5465727269746f7279', '4e6f72776179', NULL, NULL, 'AQ', 'ATA', '10', '.aq');
INSERT INTO country (id, common_name, formal_name, type, sub_type, sovereignty, capital, itu_t_telephone_code, iso3166_1_alpha_2_code, iso3166_1_alpha_3_code, iso3166_1_numeric_code, iana_country_code_top_level_domain) VALUES ('517565656e204d617564204c616e64', 'Queen Maud Land', NULL, '416e74617263746963205465727269746f7279', '5465727269746f7279', '4e6f72776179', NULL, NULL, 'AQ', 'ATA', '10', '.aq');
INSERT INTO country (id, common_name, formal_name, type, sub_type, sovereignty, capital, itu_t_telephone_code, iso3166_1_alpha_2_code, iso3166_1_alpha_3_code, iso3166_1_numeric_code, iana_country_code_top_level_domain) VALUES ('4272697469736820416e74617263746963205465727269746f7279', 'British Antarctic Territory', NULL, '416e74617263746963205465727269746f7279', '4f76657273656173205465727269746f7279', '556e69746564204b696e67646f6d', NULL, NULL, 'AQ', 'ATA', '10', '.aq');
